/* Generated by scripts/build_fonts.py; Montserrat, SIL OFL 1.1. */
#include "lvgl.h"
static const uint8_t glyph_bitmap[] = {
    0x05, 0x94, 0x00, 0x8f, 0x60, 0x08, 0xf5, 0x00, 0x7f, 0x50, 0x07, 0xf4,
    0x00, 0x6f, 0x30, 0x05, 0xf3, 0x00, 0x5f, 0x20, 0x04, 0xf2, 0x00, 0x00,
    0x00, 0x00, 0x20, 0x00, 0x9f, 0x70, 0x08, 0xf6, 0x00, 0x01, 0x00, 0x08,
    0x60, 0x86, 0x00, 0xd9, 0x0d, 0x90, 0x0c, 0x90, 0xc9, 0x00, 0xc8, 0x0c,
    0x80, 0x0c, 0x80, 0xc8, 0x00, 0x32, 0x03, 0x20, 0x00, 0x00, 0x00, 0x00,
    0x00, 0x00, 0x00, 0x00, 0x00, 0x00, 0x00, 0x00, 0x00, 0x00, 0x00, 0x00,
    0x00, 0x00, 0x00, 0x00, 0x00, 0x00, 0x00, 0x00, 0x00, 0x00, 0x00, 0x83,
    0x00, 0x29, 0x00, 0x00, 0x00, 0x0f, 0x40, 0x05, 0xe0, 0x00, 0x00, 0x02,
    0xf2, 0x00, 0x7c, 0x00, 0x00, 0x55, 0x9f, 0x65, 0x5e, 0xf5, 0x51, 0x0d,
    0xef, 0xfe, 0xee, 0xff, 0xee, 0x20, 0x00, 0x7c, 0x00, 0x0c, 0x70, 0x00,
    0x00, 0x09, 0xa0, 0x00, 0xe5, 0x00, 0x00, 0x00, 0xb8, 0x00, 0x1f, 0x30,
    0x00, 0x48, 0x8f, 0xe8, 0x8b, 0xf9, 0x85, 0x06, 0xbb, 0xff, 0xbb, 0xff,
    0xbb, 0x70, 0x00, 0x2f, 0x30, 0x07, 0xd0, 0x00, 0x00, 0x04, 0xf1, 0x00,
    0x9b, 0x00, 0x00, 0x00, 0x5e, 0x00, 0x0a, 0x90, 0x00, 0x00, 0x00, 0x00,
    0x0a, 0x30, 0x00, 0x00, 0x00, 0x00, 0xd4, 0x00, 0x00, 0x00, 0x05, 0x9f,
    0xf8, 0x40, 0x00, 0x1c, 0xfe, 0xff, 0xff, 0xb0, 0x09, 0xf7, 0x0d, 0x41,
    0x65, 0x00, 0xed, 0x00, 0xd4, 0x00, 0x00, 0x0d, 0xe1, 0x0d, 0x40, 0x00,
    0x00, 0x7f, 0xe7, 0xf4, 0x00, 0x00, 0x00, 0x7e, 0xff, 0xf9, 0x40, 0x00,
    0x00, 0x04, 0xff, 0xff, 0x90, 0x00, 0x00, 0x0d, 0x43, 0xdf, 0x40, 0x00,
    0x00, 0xd4, 0x06, 0xf6, 0x08, 0x20, 0x0d, 0x40, 0x9f, 0x41, 0xef, 0xb7,
    0xfb, 0xbf, 0xb0, 0x02, 0x9d, 0xff, 0xfd, 0x81, 0x00, 0x00, 0x01, 0xf5,
    0x00, 0x00, 0x00, 0x00, 0x0d, 0x40, 0x00, 0x00, 0x00, 0x00, 0x21, 0x00,
    0x00, 0x00, 0x7a, 0x81, 0x00, 0x00, 0x08, 0x30, 0x00, 0xac, 0x6a, 0xd0,
    0x00, 0x08, 0xc0, 0x00, 0x2f, 0x10, 0x0d, 0x50, 0x04, 0xe3, 0x00, 0x04,
    0xd0, 0x00, 0xa7, 0x01, 0xd7, 0x00, 0x00, 0x4e, 0x00, 0x0b, 0x60, 0x9c,
    0x00, 0x00, 0x00, 0xe6, 0x03, 0xf2, 0x4e, 0x20, 0x00, 0x00, 0x04, 0xee,
    0xe6, 0x1d, 0x61, 0x8b, 0x92, 0x00, 0x00, 0x21, 0x0a, 0xb0, 0xbb, 0x59,
    0xd1, 0x00, 0x00, 0x05, 0xe2, 0x3e, 0x10, 0x0d, 0x50, 0x00, 0x01, 0xe6,
    0x05, 0xd0, 0x00, 0xa7, 0x00, 0x00, 0xaa, 0x00, 0x4e, 0x00, 0x0c, 0x60,
    0x00, 0x6e, 0x10, 0x00, 0xe6, 0x04, 0xf2, 0x00, 0x2e, 0x50, 0x00, 0x03,
    0xdf, 0xe5, 0x00, 0x00, 0x00, 0x00, 0x00, 0x00, 0x10, 0x00, 0x00, 0x02,
    0x8a, 0xa5, 0x00, 0x00, 0x00, 0x02, 0xed, 0x9b, 0xf6, 0x00, 0x00, 0x00,
    0x8f, 0x20, 0x0b, 0xc0, 0x00, 0x00, 0x09, 0xf1, 0x00, 0xbc, 0x00, 0x00,
    0x00, 0x4f, 0x91, 0x9f, 0x50, 0x00, 0x00, 0x00, 0x8f, 0xfe, 0x50, 0x00,
    0x00, 0x00, 0x2c, 0xff, 0x90, 0x00, 0x00, 0x00, 0x3e, 0xc3, 0x9f, 0x70,
    0x1d, 0x40, 0x0d, 0xd1, 0x00, 0x9f, 0x85, 0xf3, 0x02, 0xf9, 0x00, 0x00,
    0x9f, 0xfc, 0x00, 0x1f, 0xb0, 0x00, 0x00, 0xff, 0xc0, 0x00, 0x9f, 0xb7,
    0x57, 0xdf, 0xff, 0x80, 0x00, 0x7d, 0xff, 0xfb, 0x30, 0x9a, 0x00, 0x00,
    0x01, 0x20, 0x00, 0x00, 0x00, 0x08, 0x60, 0x0d, 0x90, 0x0c, 0x90, 0x0c,
    0x80, 0x0c, 0x80, 0x03, 0x20, 0x00, 0x00, 0x00, 0x00, 0x00, 0x00, 0x00,
    0x00, 0x00, 0x00, 0x00, 0x00, 0x00, 0x00, 0x00, 0x01, 0x52, 0x00, 0x09,
    0xf2, 0x00, 0x2f, 0x90, 0x00, 0x7f, 0x40, 0x00, 0xbe, 0x00, 0x00, 0xeb,
    0x00, 0x02, 0xf9, 0x00, 0x03, 0xf7, 0x00, 0x04, 0xf7, 0x00, 0x04, 0xf6,
    0x00, 0x03, 0xf7, 0x00, 0x02, 0xf8, 0x00, 0x00, 0xeb, 0x00, 0x00, 0xce,
    0x00, 0x00, 0x7f, 0x30, 0x00, 0x2f, 0x80, 0x00, 0x0a, 0xe1, 0x00, 0x02,
    0x73, 0x25, 0x20, 0x00, 0x1e, 0xa0, 0x00, 0x08, 0xf2, 0x00, 0x03, 0xf8,
    0x00, 0x00, 0xdc, 0x00, 0x00, 0xaf, 0x00, 0x00, 0x8f, 0x30, 0x00, 0x6f,
    0x40, 0x00, 0x5f, 0x50, 0x00, 0x5f, 0x50, 0x00, 0x6f, 0x40, 0x00, 0x7f,
    0x30, 0x00, 0xaf, 0x10, 0x00, 0xdd, 0x00, 0x02, 0xf8, 0x00, 0x07, 0xf3,
    0x00, 0x1e, 0xb0, 0x00, 0x27, 0x20, 0x00, 0x00, 0x05, 0x10, 0x00, 0x00,
    0xe2, 0x01, 0x7d, 0x4e, 0x4b, 0xa0, 0x7e, 0xff, 0x81, 0x07, 0xef, 0xf8,
    0x17, 0xc4, 0xe4, 0xba, 0x00, 0x0e, 0x20, 0x10, 0x00, 0x51, 0x00, 0x00,
    0x00, 0x00, 0x00, 0x00, 0x00, 0x00, 0x00, 0x00, 0x00, 0x00, 0x00, 0x00,
    0x00, 0x00, 0x00, 0x00, 0x00, 0x00, 0x00, 0x00, 0x00, 0x00, 0x24, 0x00,
    0x00, 0x00, 0x00, 0x8f, 0x00, 0x00, 0x00, 0x00, 0x8f, 0x00, 0x00, 0x00,
    0x00, 0x8f, 0x00, 0x00, 0x0c, 0xff, 0xff, 0xff, 0xf4, 0x05, 0x66, 0xef,
    0x66, 0x62, 0x00, 0x00, 0x8f, 0x00, 0x00, 0x00, 0x00, 0x8f, 0x00, 0x00,
    0x00, 0x00, 0x5a, 0x00, 0x00, 0x00, 0x00, 0x00, 0x00, 0x00, 0x00, 0x00,
    0x00, 0x00, 0x00, 0x03, 0x30, 0x1f, 0xf2, 0x0f, 0xf2, 0x08, 0xc0, 0x0b,
    0x70, 0x0a, 0x20, 0x0a, 0xaa, 0xa9, 0x00, 0xcc, 0xcc, 0xb0, 0x00, 0x00,
    0x00, 0x00, 0x00, 0x00, 0x00, 0x00, 0x00, 0x00, 0x00, 0x00, 0x00, 0x00,
    0x03, 0x30, 0x1f, 0xf2, 0x1d, 0xe1, 0x00, 0x00, 0x00, 0x00, 0x00, 0x12,
    0x00, 0x00, 0x00, 0xcc, 0x00, 0x00, 0x02, 0xf6, 0x00, 0x00, 0x07, 0xf1,
    0x00, 0x00, 0x0d, 0xb0, 0x00, 0x00, 0x3f, 0x60, 0x00, 0x00, 0x8f, 0x10,
    0x00, 0x00, 0xda, 0x00, 0x00, 0x04, 0xf5, 0x00, 0x00, 0x09, 0xe0, 0x00,
    0x00, 0x0e, 0x90, 0x00, 0x00, 0x4f, 0x40, 0x00, 0x00, 0xae, 0x00, 0x00,
    0x01, 0xe9, 0x00, 0x00, 0x05, 0xf3, 0x00, 0x00, 0x0a, 0xd0, 0x00, 0x00,
    0x1f, 0x80, 0x00, 0x00, 0x4c, 0x20, 0x00, 0x00, 0x00, 0x01, 0x7a, 0xa7,
    0x10, 0x00, 0x00, 0x4e, 0xfe, 0xef, 0xe4, 0x00, 0x01, 0xee, 0x50, 0x04,
    0xee, 0x10, 0x08, 0xf6, 0x00, 0x00, 0x5f, 0x80, 0x0d, 0xe0, 0x00, 0x00,
    0x0e, 0xd0, 0x1f, 0xb0, 0x00, 0x00, 0x0b, 0xf0, 0x2f, 0xa0, 0x00, 0x00,
    0x0a, 0xf2, 0x1f, 0xb0, 0x00, 0x00, 0x0b, 0xf1, 0x0e, 0xd0, 0x00, 0x00,
    0x0d, 0xe0, 0x0a, 0xf3, 0x00, 0x00, 0x2f, 0xa0, 0x04, 0xfb, 0x10, 0x00,
    0xbf, 0x40, 0x00, 0x9f, 0xd8, 0x8d, 0xf9, 0x00, 0x00, 0x06, 0xdf, 0xfd,
    0x60, 0x00, 0x00, 0x00, 0x01, 0x10, 0x00, 0x00, 0x89, 0x99, 0x70, 0x0c,
    0xef, 0xfc, 0x00, 0x00, 0x0f, 0xc0, 0x00, 0x00, 0xfc, 0x00, 0x00, 0x0f,
    0xc0, 0x00, 0x00, 0xfc, 0x00, 0x00, 0x0f, 0xc0, 0x00, 0x00, 0xfc, 0x00,
    0x00, 0x0f, 0xc0, 0x00, 0x00, 0xfc, 0x00, 0x00, 0x0f, 0xc0, 0x00, 0x00,
    0xfc, 0x00, 0x00, 0x0f, 0xc0, 0x00, 0x00, 0x59, 0xba, 0x82, 0x00, 0x2d,
    0xff, 0xde, 0xff, 0x40, 0x5e, 0x61, 0x00, 0x5f, 0xe0, 0x01, 0x00, 0x00,
    0x0b, 0xf2, 0x00, 0x00, 0x00, 0x0b, 0xf1, 0x00, 0x00, 0x00, 0x2f, 0xc0,
    0x00, 0x00, 0x01, 0xcf, 0x30, 0x00, 0x00, 0x1c, 0xf5, 0x00, 0x00, 0x01,
    0xdf, 0x50, 0x00, 0x00, 0x2d, 0xf5, 0x00, 0x00, 0x02, 0xde, 0x40, 0x00,
    0x00, 0x2d, 0xfc, 0x88, 0x88, 0x86, 0x5f, 0xff, 0xff, 0xff, 0xfb, 0x39,
    0x99, 0x99, 0x99, 0x90, 0x5e, 0xee, 0xee, 0xff, 0xe0, 0x00, 0x00, 0x00,
    0xbf, 0x40, 0x00, 0x00, 0x08, 0xf7, 0x00, 0x00, 0x00, 0x5f, 0xa0, 0x00,
    0x00, 0x03, 0xff, 0x30, 0x00, 0x00, 0x07, 0xff, 0xfc, 0x30, 0x00, 0x01,
    0x23, 0x8f, 0xe1, 0x00, 0x00, 0x00, 0x08, 0xf6, 0x00, 0x00, 0x00, 0x06,
    0xf7, 0x46, 0x00, 0x00, 0x0b, 0xf4, 0xbf, 0xd9, 0x78, 0xdf, 0xb0, 0x17,
    0xcf, 0xff, 0xe8, 0x10, 0x00, 0x01, 0x21, 0x00, 0x00, 0x00, 0x00, 0x00,
    0x19, 0x70, 0x00, 0x00, 0x00, 0x00, 0xbf, 0x40, 0x00, 0x00, 0x00, 0x08,
    0xf7, 0x00, 0x00, 0x00, 0x00, 0x5f, 0xa0, 0x00, 0x00, 0x00, 0x02, 0xed,
    0x10, 0x00, 0x00, 0x00, 0x1c, 0xe2, 0x01, 0x62, 0x00, 0x00, 0xaf, 0x50,
    0x04, 0xf7, 0x00, 0x07, 0xf9, 0x00, 0x04, 0xf7, 0x00, 0x3f, 0xfa, 0xaa,
    0xae, 0xff, 0xa8, 0x4e, 0xee, 0xee, 0xef, 0xff, 0xeb, 0x00, 0x00, 0x00,
    0x05, 0xf7, 0x00, 0x00, 0x00, 0x00, 0x05, 0xf7, 0x00, 0x00, 0x00, 0x00,
    0x05, 0xf7, 0x00, 0x01, 0x99, 0x99, 0x99, 0x90, 0x03, 0xff, 0xee, 0xee,
    0xe0, 0x05, 0xf5, 0x00, 0x00, 0x00, 0x06, 0xf4, 0x00, 0x00, 0x00, 0x08,
    0xf2, 0x00, 0x00, 0x00, 0x09, 0xfa, 0x98, 0x61, 0x00, 0x0b, 0xff, 0xff,
    0xff, 0x70, 0x00, 0x00, 0x01, 0x5d, 0xf4, 0x00, 0x00, 0x00, 0x04, 0xf9,
    0x00, 0x00, 0x00, 0x02, 0xfa, 0x28, 0x10, 0x00, 0x08, 0xf7, 0x7f, 0xe9,
    0x78, 0xbf, 0xd1, 0x05, 0xbf, 0xff, 0xea, 0x10, 0x00, 0x00, 0x21, 0x00,
    0x00, 0x00, 0x00, 0x49, 0xba, 0x83, 0x00, 0x02, 0xcf, 0xec, 0xdf, 0xb0,
    0x00, 0xdf, 0x70, 0x00, 0x22, 0x00, 0x7f, 0x70, 0x00, 0x00, 0x00, 0x0c,
    0xe0, 0x00, 0x00, 0x00, 0x00, 0xfb, 0x05, 0x99, 0x83, 0x00, 0x2f, 0xbc,
    0xfd, 0xdf, 0xf7, 0x01, 0xff, 0xd3, 0x00, 0x2d, 0xf3, 0x0f, 0xf4, 0x00,
    0x00, 0x4f, 0x80, 0xbf, 0x20, 0x00, 0x03, 0xf8, 0x06, 0xf8, 0x00, 0x00,
    0x8f, 0x50, 0x0b, 0xfa, 0x66, 0xaf, 0xc0, 0x00, 0x07, 0xdf, 0xfe, 0x91,
    0x00, 0x00, 0x00, 0x12, 0x00, 0x00, 0x49, 0x99, 0x99, 0x99, 0x99, 0x07,
    0xff, 0xee, 0xee, 0xef, 0xf0, 0x7f, 0x40, 0x00, 0x04, 0xfa, 0x07, 0xf4,
    0x00, 0x00, 0xaf, 0x30, 0x13, 0x10, 0x00, 0x2f, 0xb0, 0x00, 0x00, 0x00,
    0x09, 0xf5, 0x00, 0x00, 0x00, 0x01, 0xed, 0x00, 0x00, 0x00, 0x00, 0x7f,
    0x60, 0x00, 0x00, 0x00, 0x0e, 0xe1, 0x00, 0x00, 0x00, 0x06, 0xf8, 0x00,
    0x00, 0x00, 0x00, 0xcf, 0x10, 0x00, 0x00, 0x00, 0x4f, 0x90, 0x00, 0x00,
    0x00, 0x0b, 0xf3, 0x00, 0x00, 0x00, 0x00, 0x05, 0x9b, 0xa8, 0x20, 0x00,
    0x01, 0xbf, 0xeb, 0xcf, 0xf6, 0x00, 0x07, 0xf9, 0x00, 0x02, 0xdf, 0x20,
    0x0b, 0xf1, 0x00, 0x00, 0x7f, 0x50, 0x09, 0xf4, 0x00, 0x00, 0xaf, 0x30,
    0x02, 0xee, 0x75, 0x59, 0xfa, 0x00, 0x00, 0x7f, 0xff, 0xff, 0xf2, 0x00,
    0x08, 0xfb, 0x52, 0x37, 0xee, 0x20, 0x1f, 0xd0, 0x00, 0x00, 0x4f, 0x90,
    0x3f, 0xa0, 0x00, 0x00, 0x1f, 0xb0, 0x1e, 0xd1, 0x00, 0x00, 0x6f, 0x90,
    0x07, 0xfd, 0x85, 0x6a, 0xfe, 0x20, 0x00, 0x5c, 0xff, 0xfe, 0x92, 0x00,
    0x00, 0x00, 0x12, 0x10, 0x00, 0x00, 0x00, 0x28, 0xba, 0x82, 0x00, 0x00,
    0x5f, 0xfc, 0xbe, 0xf6, 0x00, 0x2f, 0xd2, 0x00, 0x1b, 0xf4, 0x06, 0xf5,
    0x00, 0x00, 0x2f, 0xb0, 0x7f, 0x50, 0x00, 0x01, 0xff, 0x14, 0xfa, 0x00,
    0x00, 0x7f, 0xf2, 0x0b, 0xfc, 0x77, 0xaf, 0xef, 0x30, 0x08, 0xdf, 0xfc,
    0x49, 0xf2, 0x00, 0x00, 0x00, 0x00, 0xbf, 0x10, 0x00, 0x00, 0x00, 0x2f,
    0xb0, 0x00, 0x00, 0x00, 0x1c, 0xf4, 0x00, 0x6b, 0x76, 0x8e, 0xf7, 0x00,
    0x07, 0xef, 0xff, 0xb4, 0x00, 0x00, 0x00, 0x12, 0x00, 0x00, 0x00, 0x03,
    0x30, 0x1f, 0xf2, 0x1d, 0xe1, 0x00, 0x00, 0x00, 0x00, 0x00, 0x00, 0x00,
    0x00, 0x03, 0x30, 0x1f, 0xf2, 0x1d, 0xe1, 0x00, 0x00, 0x03, 0x30, 0x1f,
    0xf2, 0x1d, 0xe1, 0x00, 0x00, 0x00, 0x00, 0x00, 0x00, 0x00, 0x00, 0x03,
    0x30, 0x1f, 0xf2, 0x0f, 0xf2, 0x08, 0xc0, 0x0b, 0x70, 0x0a, 0x20, 0x00,
    0x00, 0x00, 0x00, 0x01, 0x00, 0x00, 0x00, 0x38, 0xe4, 0x00, 0x01, 0x6c,
    0xfe, 0x81, 0x03, 0x9e, 0xfa, 0x50, 0x00, 0x0e, 0xf8, 0x10, 0x00, 0x00,
    0x08, 0xef, 0xa4, 0x00, 0x00, 0x00, 0x16, 0xcf, 0xd8, 0x20, 0x00, 0x00,
    0x02, 0x8e, 0xf3, 0x00, 0x00, 0x00, 0x00, 0x52, 0x00, 0x00, 0x00, 0x00,
    0x00, 0x00, 0x00, 0x00, 0x00, 0x00, 0x02, 0x22, 0x22, 0x22, 0x21, 0x0c,
    0xff, 0xff, 0xff, 0xf4, 0x03, 0x44, 0x44, 0x44, 0x41, 0x00, 0x00, 0x00,
    0x00, 0x00, 0x00, 0x00, 0x00, 0x00, 0x00, 0x0a, 0xdd, 0xdd, 0xdd, 0xd3,
    0x06, 0x88, 0x88, 0x88, 0x82, 0x00, 0x00, 0x00, 0x00, 0x00, 0x00, 0x00,
    0x00, 0x00, 0x00, 0x00, 0x00, 0x00, 0x00, 0x00, 0x01, 0x00, 0x00, 0x00,
    0x00, 0x0c, 0xb5, 0x00, 0x00, 0x00, 0x04, 0xbf, 0xe9, 0x30, 0x00, 0x00,
    0x02, 0x8d, 0xfc, 0x60, 0x00, 0x00, 0x00, 0x4e, 0xf4, 0x00, 0x00, 0x27,
    0xdf, 0xc2, 0x00, 0x5b, 0xfe, 0x93, 0x00, 0x0b, 0xfb, 0x50, 0x00, 0x00,
    0x06, 0x20, 0x00, 0x00, 0x00, 0x00, 0x00, 0x00, 0x00, 0x00, 0x00, 0x00,
    0x00, 0x00, 0x00, 0x00, 0x59, 0xba, 0x82, 0x00, 0x2d, 0xfe, 0xcd, 0xff,
    0x50, 0x7e, 0x50, 0x00, 0x5f, 0xd0, 0x01, 0x00, 0x00, 0x0c, 0xf1, 0x00,
    0x00, 0x00, 0x0e, 0xd0, 0x00, 0x00, 0x00, 0xaf, 0x60, 0x00, 0x00, 0x0a,
    0xf7, 0x00, 0x00, 0x00, 0x7f, 0x80, 0x00, 0x00, 0x00, 0xcf, 0x10, 0x00,
    0x00, 0x00, 0x00, 0x00, 0x00, 0x00, 0x00, 0x11, 0x00, 0x00, 0x00, 0x01,
    0xee, 0x10, 0x00, 0x00, 0x01, 0xde, 0x10, 0x00, 0x00, 0x00, 0x00, 0x00,
    0x00, 0x00, 0x00, 0x00, 0x48, 0xab, 0xa7, 0x30, 0x00, 0x00, 0x00, 0x00,
    0x06, 0xde, 0xa8, 0x78, 0xbf, 0xc3, 0x00, 0x00, 0x00, 0x0a, 0xe7, 0x10,
    0x00, 0x00, 0x19, 0xf6, 0x00, 0x00, 0x09, 0xe3, 0x00, 0x01, 0x10, 0x00,
    0x05, 0xf4, 0x00, 0x03, 0xf5, 0x00, 0x5d, 0xff, 0xc4, 0xbc, 0x08, 0xd0,
    0x00, 0x9c, 0x00, 0x6f, 0xc6, 0x58, 0xff, 0xc0, 0x1e, 0x40, 0x0e, 0x70,
    0x1e, 0xb0, 0x00, 0x05, 0xfc, 0x00, 0xa8, 0x01, 0xf4, 0x05, 0xf4, 0x00,
    0x00, 0x0f, 0xd0, 0x08, 0xa0, 0x2f, 0x30, 0x6f, 0x30, 0x00, 0x00, 0xfe,
    0x00, 0x7b, 0x01, 0xf4, 0x05, 0xf5, 0x00, 0x00, 0x0f, 0xd0, 0x09, 0xa0,
    0x0d, 0x70, 0x1e, 0xb0, 0x00, 0x05, 0xfd, 0x00, 0xc6, 0x00, 0x9c, 0x00,
    0x6f, 0xc6, 0x59, 0xfc, 0xf6, 0x8e, 0x10, 0x02, 0xf5, 0x00, 0x5c, 0xff,
    0xc4, 0x2c, 0xfd, 0x40, 0x00, 0x07, 0xe4, 0x00, 0x01, 0x10, 0x00, 0x01,
    0x00, 0x00, 0x00, 0x08, 0xf8, 0x10, 0x00, 0x00, 0x30, 0x00, 0x00, 0x00,
    0x00, 0x05, 0xdf, 0xca, 0x9b, 0xee, 0x10, 0x00, 0x00, 0x00, 0x00, 0x00,
    0x37, 0x99, 0x85, 0x10, 0x00, 0x00, 0x00, 0x00, 0x00, 0x00, 0x49, 0x50,
    0x00, 0x00, 0x00, 0x00, 0x00, 0x0c, 0xfe, 0x10, 0x00, 0x00, 0x00, 0x00,
    0x04, 0xfc, 0xf6, 0x00, 0x00, 0x00, 0x00, 0x00, 0xbe, 0x1d, 0xd0, 0x00,
    0x00, 0x00, 0x00, 0x3f, 0x90, 0x7f, 0x50, 0x00, 0x00, 0x00, 0x09, 0xf2,
    0x01, 0xec, 0x00, 0x00, 0x00, 0x01, 0xfa, 0x00, 0x08, 0xf4, 0x00, 0x00,
    0x00, 0x8f, 0x40, 0x00, 0x2f, 0xa0, 0x00, 0x00, 0x1f, 0xf9, 0x99, 0x99,
    0xff, 0x20, 0x00, 0x07, 0xff, 0xdd, 0xdd, 0xdf, 0xf9, 0x00, 0x00, 0xde,
    0x00, 0x00, 0x00, 0x0c, 0xf1, 0x00, 0x5f, 0x80, 0x00, 0x00, 0x00, 0x5f,
    0x80, 0x0c, 0xf1, 0x00, 0x00, 0x00, 0x00, 0xde, 0x10, 0x01, 0x99, 0x99,
    0x99, 0x75, 0x00, 0x00, 0x02, 0xfe, 0xdd, 0xdd, 0xff, 0xd3, 0x00, 0x02,
    0xfa, 0x00, 0x00, 0x07, 0xfc, 0x00, 0x02, 0xfa, 0x00, 0x00, 0x00, 0xcf,
    0x00, 0x02, 0xfa, 0x00, 0x00, 0x00, 0xde, 0x00, 0x02, 0xfb, 0x22, 0x22,
    0x4a, 0xf7, 0x00, 0x02, 0xff, 0xff, 0xff, 0xff, 0xc1, 0x00, 0x02, 0xfd,
    0x55, 0x55, 0x69, 0xfd, 0x10, 0x02, 0xfa, 0x00, 0x00, 0x00, 0x6f, 0x80,
    0x02, 0xfa, 0x00, 0x00, 0x00, 0x2f, 0xa0, 0x02, 0xfa, 0x00, 0x00, 0x00,
    0x7f, 0x90, 0x02, 0xfd, 0x77, 0x77, 0x8b, 0xfe, 0x20, 0x02, 0xff, 0xff,
    0xff, 0xfd, 0x92, 0x00, 0x00, 0x00, 0x27, 0xab, 0xa7, 0x20, 0x00, 0x00,
    0x7f, 0xff, 0xde, 0xff, 0x70, 0x00, 0x9f, 0xd5, 0x00, 0x04, 0xcd, 0x10,
    0x4f, 0xc1, 0x00, 0x00, 0x00, 0x20, 0x0b, 0xf3, 0x00, 0x00, 0x00, 0x00,
    0x00, 0xfc, 0x00, 0x00, 0x00, 0x00, 0x00, 0x2f, 0xa0, 0x00, 0x00, 0x00,
    0x00, 0x01, 0xfb, 0x00, 0x00, 0x00, 0x00, 0x00, 0x0d, 0xe1, 0x00, 0x00,
    0x00, 0x00, 0x00, 0x8f, 0x80, 0x00, 0x00, 0x00, 0x00, 0x01, 0xdf, 0x70,
    0x00, 0x00, 0x69, 0x00, 0x02, 0xdf, 0xd9, 0x78, 0xcf, 0xd1, 0x00, 0x01,
    0x7d, 0xff, 0xfd, 0x71, 0x00, 0x00, 0x00, 0x01, 0x21, 0x00, 0x00, 0x01,
    0x99, 0x99, 0x98, 0x74, 0x00, 0x00, 0x00, 0x2f, 0xfe, 0xee, 0xff, 0xfd,
    0x40, 0x00, 0x02, 0xfa, 0x00, 0x00, 0x27, 0xef, 0x60, 0x00, 0x2f, 0xa0,
    0x00, 0x00, 0x02, 0xef, 0x20, 0x02, 0xfa, 0x00, 0x00, 0x00, 0x05, 0xf9,
    0x00, 0x2f, 0xa0, 0x00, 0x00, 0x00, 0x0e, 0xd0, 0x02, 0xfa, 0x00, 0x00,
    0x00, 0x00, 0xde, 0x00, 0x2f, 0xa0, 0x00, 0x00, 0x00, 0x0d, 0xe0, 0x02,
    0xfa, 0x00, 0x00, 0x00, 0x02, 0xfb, 0x00, 0x2f, 0xa0, 0x00, 0x00, 0x00,
    0xaf, 0x50, 0x02, 0xfa, 0x00, 0x00, 0x01, 0xaf, 0xb0, 0x00, 0x2f, 0xd8,
    0x88, 0x9b, 0xff, 0xa1, 0x00, 0x02, 0xff, 0xff, 0xff, 0xda, 0x40, 0x00,
    0x00, 0x01, 0x99, 0x99, 0x99, 0x99, 0x70, 0x02, 0xff, 0xee, 0xee, 0xee,
    0xb0, 0x02, 0xfa, 0x00, 0x00, 0x00, 0x00, 0x02, 0xfa, 0x00, 0x00, 0x00,
    0x00, 0x02, 0xfa, 0x00, 0x00, 0x00, 0x00, 0x02, 0xfb, 0x22, 0x22, 0x22,
    0x00, 0x02, 0xff, 0xff, 0xff, 0xff, 0x00, 0x02, 0xfd, 0x55, 0x55, 0x55,
    0x00, 0x02, 0xfa, 0x00, 0x00, 0x00, 0x00, 0x02, 0xfa, 0x00, 0x00, 0x00,
    0x00, 0x02, 0xfa, 0x00, 0x00, 0x00, 0x00, 0x02, 0xfd, 0x88, 0x88, 0x88,
    0x80, 0x02, 0xff, 0xff, 0xff, 0xff, 0xf1, 0x01, 0x99, 0x99, 0x99, 0x99,
    0x70, 0x2f, 0xfe, 0xee, 0xee, 0xeb, 0x02, 0xfa, 0x00, 0x00, 0x00, 0x00,
    0x2f, 0xa0, 0x00, 0x00, 0x00, 0x02, 0xfa, 0x00, 0x00, 0x00, 0x00, 0x2f,
    0xa0, 0x00, 0x00, 0x00, 0x02, 0xff, 0xaa, 0xaa, 0xaa, 0x00, 0x2f, 0xfe,
    0xee, 0xee, 0xe0, 0x02, 0xfa, 0x00, 0x00, 0x00, 0x00, 0x2f, 0xa0, 0x00,
    0x00, 0x00, 0x02, 0xfa, 0x00, 0x00, 0x00, 0x00, 0x2f, 0xa0, 0x00, 0x00,
    0x00, 0x02, 0xfa, 0x00, 0x00, 0x00, 0x00, 0x00, 0x00, 0x16, 0xab, 0xa7,
    0x20, 0x00, 0x00, 0x07, 0xff, 0xfd, 0xef, 0xf9, 0x00, 0x00, 0x9f, 0xd5,
    0x00, 0x03, 0xae, 0x30, 0x04, 0xfc, 0x10, 0x00, 0x00, 0x02, 0x00, 0x0b,
    0xf3, 0x00, 0x00, 0x00, 0x00, 0x00, 0x0f, 0xc0, 0x00, 0x00, 0x00, 0x00,
    0x00, 0x2f, 0xa0, 0x00, 0x00, 0x00, 0x26, 0x20, 0x1f, 0xb0, 0x00, 0x00,
    0x00, 0x6f, 0x50, 0x0d, 0xe1, 0x00, 0x00, 0x00, 0x6f, 0x50, 0x08, 0xf8,
    0x00, 0x00, 0x00, 0x6f, 0x50, 0x01, 0xdf, 0x80, 0x00, 0x00, 0x9f, 0x50,
    0x00, 0x2d, 0xfd, 0x97, 0x8b, 0xff, 0x40, 0x00, 0x01, 0x7d, 0xff, 0xfd,
    0x92, 0x00, 0x00, 0x00, 0x00, 0x12, 0x10, 0x00, 0x00, 0x01, 0x96, 0x00,
    0x00, 0x00, 0x19, 0x60, 0x00, 0x2f, 0xa0, 0x00, 0x00, 0x01, 0xfb, 0x00,
    0x02, 0xfa, 0x00, 0x00, 0x00, 0x1f, 0xb0, 0x00, 0x2f, 0xa0, 0x00, 0x00,
    0x01, 0xfb, 0x00, 0x02, 0xfa, 0x00, 0x00, 0x00, 0x1f, 0xb0, 0x00, 0x2f,
    0xc3, 0x33, 0x33, 0x34, 0xfb, 0x00, 0x02, 0xff, 0xff, 0xff, 0xff, 0xff,
    0xb0, 0x00, 0x2f, 0xd6, 0x66, 0x66, 0x67, 0xfb, 0x00, 0x02, 0xfa, 0x00,
    0x00, 0x00, 0x1f, 0xb0, 0x00, 0x2f, 0xa0, 0x00, 0x00, 0x01, 0xfb, 0x00,
    0x02, 0xfa, 0x00, 0x00, 0x00, 0x1f, 0xb0, 0x00, 0x2f, 0xa0, 0x00, 0x00,
    0x01, 0xfb, 0x00, 0x02, 0xfa, 0x00, 0x00, 0x00, 0x1f, 0xb0, 0x00, 0x01,
    0x96, 0x00, 0x02, 0xfa, 0x00, 0x02, 0xfa, 0x00, 0x02, 0xfa, 0x00, 0x02,
    0xfa, 0x00, 0x02, 0xfa, 0x00, 0x02, 0xfa, 0x00, 0x02, 0xfa, 0x00, 0x02,
    0xfa, 0x00, 0x02, 0xfa, 0x00, 0x02, 0xfa, 0x00, 0x02, 0xfa, 0x00, 0x02,
    0xfa, 0x00, 0x00, 0x89, 0x99, 0x99, 0x40, 0x00, 0xde, 0xee, 0xff, 0x70,
    0x00, 0x00, 0x00, 0x5f, 0x70, 0x00, 0x00, 0x00, 0x5f, 0x70, 0x00, 0x00,
    0x00, 0x5f, 0x70, 0x00, 0x00, 0x00, 0x5f, 0x70, 0x00, 0x00, 0x00, 0x5f,
    0x70, 0x00, 0x00, 0x00, 0x5f, 0x70, 0x00, 0x00, 0x00, 0x5f, 0x70, 0x00,
    0x00, 0x00, 0x6f, 0x60, 0x07, 0x40, 0x00, 0xaf, 0x40, 0x0d, 0xf9, 0x7a,
    0xfd, 0x00, 0x02, 0xaf, 0xff, 0xb2, 0x00, 0x00, 0x00, 0x21, 0x00, 0x00,
    0x01, 0x96, 0x00, 0x00, 0x00, 0x79, 0x30, 0x2f, 0xa0, 0x00, 0x00, 0x8f,
    0x80, 0x02, 0xfa, 0x00, 0x00, 0x8f, 0x90, 0x00, 0x2f, 0xa0, 0x00, 0x7f,
    0xa0, 0x00, 0x02, 0xfa, 0x00, 0x7f, 0xa0, 0x00, 0x00, 0x2f, 0xa0, 0x6f,
    0xb0, 0x00, 0x00, 0x02, 0xfa, 0x6f, 0xf9, 0x00, 0x00, 0x00, 0x2f, 0xff,
    0xde, 0xf6, 0x00, 0x00, 0x02, 0xff, 0xc1, 0x2e, 0xf4, 0x00, 0x00, 0x2f,
    0xf1, 0x00, 0x3f, 0xe2, 0x00, 0x02, 0xfa, 0x00, 0x00, 0x5f, 0xc1, 0x00,
    0x2f, 0xa0, 0x00, 0x00, 0x7f, 0xa0, 0x02, 0xfa, 0x00, 0x00, 0x00, 0x9f,
    0x80, 0x01, 0x96, 0x00, 0x00, 0x00, 0x00, 0x2f, 0xa0, 0x00, 0x00, 0x00,
    0x02, 0xfa, 0x00, 0x00, 0x00, 0x00, 0x2f, 0xa0, 0x00, 0x00, 0x00, 0x02,
    0xfa, 0x00, 0x00, 0x00, 0x00, 0x2f, 0xa0, 0x00, 0x00, 0x00, 0x02, 0xfa,
    0x00, 0x00, 0x00, 0x00, 0x2f, 0xa0, 0x00, 0x00, 0x00, 0x02, 0xfa, 0x00,
    0x00, 0x00, 0x00, 0x2f, 0xa0, 0x00, 0x00, 0x00, 0x02, 0xfa, 0x00, 0x00,
    0x00, 0x00, 0x2f, 0xd8, 0x88, 0x88, 0x84, 0x02, 0xff, 0xff, 0xff, 0xff,
    0x80, 0x01, 0x95, 0x00, 0x00, 0x00, 0x00, 0x03, 0x92, 0x00, 0x2f, 0xe1,
    0x00, 0x00, 0x00, 0x00, 0xcf, 0x40, 0x02, 0xff, 0x90, 0x00, 0x00, 0x00,
    0x6f, 0xf4, 0x00, 0x2f, 0xff, 0x30, 0x00, 0x00, 0x1e, 0xff, 0x40, 0x02,
    0xfb, 0xec, 0x00, 0x00, 0x09, 0xf9, 0xf4, 0x00, 0x2f, 0x96, 0xf6, 0x00,
    0x03, 0xf8, 0x7f, 0x40, 0x02, 0xf9, 0x0c, 0xe1, 0x00, 0xbe, 0x17, 0xf4,
    0x00, 0x2f, 0x90, 0x3f, 0x90, 0x5f, 0x50, 0x7f, 0x40, 0x02, 0xf9, 0x00,
    0x9f, 0x3d, 0xb0, 0x06, 0xf4, 0x00, 0x2f, 0x90, 0x01, 0xef, 0xf3, 0x00,
    0x6f, 0x40, 0x02, 0xf9, 0x00, 0x06, 0xf9, 0x00, 0x06, 0xf4, 0x00, 0x2f,
    0x90, 0x00, 0x07, 0x10, 0x00, 0x6f, 0x40, 0x02, 0xf9, 0x00, 0x00, 0x00,
    0x00, 0x06, 0xf4, 0x00, 0x01, 0x95, 0x00, 0x00, 0x00, 0x19, 0x60, 0x00,
    0x2f, 0xf4, 0x00, 0x00, 0x01, 0xfb, 0x00, 0x02, 0xff, 0xe2, 0x00, 0x00,
    0x1f, 0xb0, 0x00, 0x2f, 0xff, 0xc1, 0x00, 0x01, 0xfb, 0x00, 0x02, 0xfa,
    0x9f, 0xa0, 0x00, 0x1f, 0xb0, 0x00, 0x2f, 0xa0, 0xcf, 0x70, 0x01, 0xfb,
    0x00, 0x02, 0xfa, 0x01, 0xdf, 0x40, 0x1f, 0xb0, 0x00, 0x2f, 0xa0, 0x03,
    0xfe, 0x21, 0xfb, 0x00, 0x02, 0xfa, 0x00, 0x06, 0xfc, 0x2f, 0xb0, 0x00,
    0x2f, 0xa0, 0x00, 0x09, 0xfb, 0xfb, 0x00, 0x02, 0xfa, 0x00, 0x00, 0x0b,
    0xff, 0xb0, 0x00, 0x2f, 0xa0, 0x00, 0x00, 0x1d, 0xfb, 0x00, 0x02, 0xfa,
    0x00, 0x00, 0x00, 0x3e, 0xb0, 0x00, 0x00, 0x00, 0x17, 0xab, 0xa7, 0x20,
    0x00, 0x00, 0x00, 0x7f, 0xfe, 0xde, 0xff, 0x80, 0x00, 0x00, 0x9f, 0xd5,
    0x00, 0x04, 0xcf, 0xa0, 0x00, 0x4f, 0xc1, 0x00, 0x00, 0x00, 0xbf, 0x60,
    0x0b, 0xf3, 0x00, 0x00, 0x00, 0x02, 0xfd, 0x00, 0xfc, 0x00, 0x00, 0x00,
    0x00, 0x0b, 0xf2, 0x2f, 0xa0, 0x00, 0x00, 0x00, 0x00, 0x9f, 0x41, 0xfb,
    0x00, 0x00, 0x00, 0x00, 0x09, 0xf3, 0x0d, 0xe1, 0x00, 0x00, 0x00, 0x00,
    0xde, 0x10, 0x8f, 0x80, 0x00, 0x00, 0x00, 0x6f, 0x90, 0x01, 0xdf, 0x70,
    0x00, 0x00, 0x6f, 0xe2, 0x00, 0x02, 0xdf, 0xd9, 0x78, 0xcf, 0xd3, 0x00,
    0x00, 0x01, 0x7c, 0xff, 0xfd, 0x81, 0x00, 0x00, 0x00, 0x00, 0x01, 0x21,
    0x00, 0x00, 0x00, 0x01, 0x99, 0x99, 0x98, 0x62, 0x00, 0x00, 0x2f, 0xfe,
    0xee, 0xff, 0xf7, 0x00, 0x02, 0xfa, 0x00, 0x01, 0x4c, 0xf6, 0x00, 0x2f,
    0xa0, 0x00, 0x00, 0x2f, 0xd0, 0x02, 0xfa, 0x00, 0x00, 0x00, 0xcf, 0x00,
    0x2f, 0xa0, 0x00, 0x00, 0x0d, 0xf0, 0x02, 0xfa, 0x00, 0x00, 0x05, 0xfb,
    0x00, 0x2f, 0xf6, 0x66, 0x7a, 0xfe, 0x20, 0x02, 0xff, 0xff, 0xff, 0xea,
    0x20, 0x00, 0x2f, 0xd3, 0x33, 0x20, 0x00, 0x00, 0x02, 0xfa, 0x00, 0x00,
    0x00, 0x00, 0x00, 0x2f, 0xa0, 0x00, 0x00, 0x00, 0x00, 0x02, 0xfa, 0x00,
    0x00, 0x00, 0x00, 0x00, 0x00, 0x00, 0x17, 0xab, 0xa7, 0x20, 0x00, 0x00,
    0x00, 0x7f, 0xfe, 0xde, 0xff, 0x80, 0x00, 0x00, 0x9f, 0xd4, 0x00, 0x04,
    0xcf, 0xa0, 0x00, 0x4f, 0xc1, 0x00, 0x00, 0x00, 0xbf, 0x60, 0x0b, 0xf3,
    0x00, 0x00, 0x00, 0x02, 0xfd, 0x00, 0xfc, 0x00, 0x00, 0x00, 0x00, 0x0b,
    0xf2, 0x2f, 0xa0, 0x00, 0x00, 0x00, 0x00, 0x9f, 0x41, 0xfb, 0x00, 0x00,
    0x00, 0x00, 0x0a, 0xf3, 0x0d, 0xe1, 0x00, 0x00, 0x00, 0x00, 0xde, 0x10,
    0x8f, 0x80, 0x00, 0x00, 0x00, 0x6f, 0x90, 0x01, 0xdf, 0x70, 0x00, 0x00,
    0x6f, 0xe2, 0x00, 0x02, 0xdf, 0xd9, 0x78, 0xdf, 0xd3, 0x00, 0x00, 0x01,
    0x7c, 0xff, 0xfe, 0x81, 0x00, 0x00, 0x00, 0x00, 0x01, 0x9f, 0xc3, 0x00,
    0x65, 0x00, 0x00, 0x00, 0x00, 0x6e, 0xfd, 0xef, 0x70, 0x00, 0x00, 0x00,
    0x00, 0x17, 0x98, 0x30, 0x01, 0x99, 0x99, 0x98, 0x62, 0x00, 0x00, 0x2f,
    0xfe, 0xee, 0xff, 0xf8, 0x00, 0x02, 0xfa, 0x00, 0x01, 0x4c, 0xf6, 0x00,
    0x2f, 0xa0, 0x00, 0x00, 0x2f, 0xd0, 0x02, 0xfa, 0x00, 0x00, 0x00, 0xcf,
    0x00, 0x2f, 0xa0, 0x00, 0x00, 0x0d, 0xf0, 0x02, 0xfa, 0x00, 0x00, 0x05,
    0xfb, 0x00, 0x2f, 0xf5, 0x55, 0x7a, 0xfe, 0x20, 0x02, 0xff, 0xff, 0xff,
    0xfc, 0x20, 0x00, 0x2f, 0xd3, 0x33, 0x4f, 0xc0, 0x00, 0x02, 0xfa, 0x00,
    0x00, 0x6f, 0x80, 0x00, 0x2f, 0xa0, 0x00, 0x00, 0xbf, 0x30, 0x02, 0xfa,
    0x00, 0x00, 0x01, 0xed, 0x10, 0x00, 0x05, 0x9b, 0xb8, 0x40, 0x00, 0x1c,
    0xfe, 0xcd, 0xff, 0xb0, 0x09, 0xf7, 0x00, 0x01, 0x65, 0x00, 0xed, 0x00,
    0x00, 0x00, 0x00, 0x0d, 0xe1, 0x00, 0x00, 0x00, 0x00, 0x7f, 0xe7, 0x30,
    0x00, 0x00, 0x00, 0x7e, 0xff, 0xe9, 0x40, 0x00, 0x00, 0x04, 0x8c, 0xff,
    0x90, 0x00, 0x00, 0x00, 0x03, 0xdf, 0x40, 0x00, 0x00, 0x00, 0x06, 0xf6,
    0x08, 0x20, 0x00, 0x00, 0x9f, 0x41, 0xef, 0xb7, 0x67, 0xbf, 0xb0, 0x02,
    0x9d, 0xff, 0xfd, 0x81, 0x00, 0x00, 0x01, 0x21, 0x00, 0x00, 0x89, 0x99,
    0x99, 0x99, 0x99, 0x4d, 0xee, 0xef, 0xfe, 0xee, 0xe7, 0x00, 0x00, 0x9f,
    0x30, 0x00, 0x00, 0x00, 0x09, 0xf3, 0x00, 0x00, 0x00, 0x00, 0x9f, 0x30,
    0x00, 0x00, 0x00, 0x09, 0xf3, 0x00, 0x00, 0x00, 0x00, 0x9f, 0x30, 0x00,
    0x00, 0x00, 0x09, 0xf3, 0x00, 0x00, 0x00, 0x00, 0x9f, 0x30, 0x00, 0x00,
    0x00, 0x09, 0xf3, 0x00, 0x00, 0x00, 0x00, 0x9f, 0x30, 0x00, 0x00, 0x00,
    0x09, 0xf3, 0x00, 0x00, 0x00, 0x00, 0x9f, 0x30, 0x00, 0x00, 0x02, 0x95,
    0x00, 0x00, 0x00, 0x39, 0x40, 0x03, 0xf9, 0x00, 0x00, 0x00, 0x5f, 0x70,
    0x03, 0xf9, 0x00, 0x00, 0x00, 0x5f, 0x70, 0x03, 0xf9, 0x00, 0x00, 0x00,
    0x5f, 0x70, 0x03, 0xf9, 0x00, 0x00, 0x00, 0x5f, 0x70, 0x03, 0xf9, 0x00,
    0x00, 0x00, 0x5f, 0x70, 0x03, 0xf9, 0x00, 0x00, 0x00, 0x5f, 0x70, 0x03,
    0xf9, 0x00, 0x00, 0x00, 0x5f, 0x70, 0x02, 0xfa, 0x00, 0x00, 0x00, 0x6f,
    0x60, 0x00, 0xed, 0x00, 0x00, 0x00, 0xaf, 0x30, 0x00, 0x9f, 0x80, 0x00,
    0x04, 0xfd, 0x00, 0x00, 0x1d, 0xfc, 0x88, 0xbf, 0xe3, 0x00, 0x00, 0x01,
    0x9e, 0xff, 0xfa, 0x30, 0x00, 0x00, 0x00, 0x00, 0x12, 0x00, 0x00, 0x00,
    0x08, 0x91, 0x00, 0x00, 0x00, 0x01, 0x96, 0x08, 0xf6, 0x00, 0x00, 0x00,
    0x07, 0xf5, 0x02, 0xfd, 0x00, 0x00, 0x00, 0x0d, 0xe0, 0x00, 0xaf, 0x40,
    0x00, 0x00, 0x5f, 0x70, 0x00, 0x3f, 0xb0, 0x00, 0x00, 0xcf, 0x10, 0x00,
    0x0c, 0xf2, 0x00, 0x03, 0xf9, 0x00, 0x00, 0x05, 0xf9, 0x00, 0x0a, 0xf3,
    0x00, 0x00, 0x00, 0xde, 0x10, 0x2f, 0xb0, 0x00, 0x00, 0x00, 0x7f, 0x70,
    0x8f, 0x40, 0x00, 0x00, 0x00, 0x1e, 0xd1, 0xed, 0x00, 0x00, 0x00, 0x00,
    0x09, 0xfb, 0xf6, 0x00, 0x00, 0x00, 0x00, 0x02, 0xff, 0xe1, 0x00, 0x00,
    0x00, 0x00, 0x00, 0xaf, 0x80, 0x00, 0x00, 0x39, 0x50, 0x00, 0x00, 0x06,
    0x91, 0x00, 0x00, 0x01, 0x95, 0x1f, 0xc0, 0x00, 0x00, 0x1e, 0xf6, 0x00,
    0x00, 0x06, 0xf5, 0x0b, 0xf2, 0x00, 0x00, 0x5f, 0xfb, 0x00, 0x00, 0x0b,
    0xe1, 0x06, 0xf7, 0x00, 0x00, 0xae, 0xaf, 0x10, 0x00, 0x1f, 0xa0, 0x01,
    0xfc, 0x00, 0x01, 0xf9, 0x5f, 0x60, 0x00, 0x6f, 0x50, 0x00, 0xbf, 0x20,
    0x06, 0xf4, 0x0e, 0xb0, 0x00, 0xbe, 0x10, 0x00, 0x6f, 0x70, 0x0b, 0xe0,
    0x0a, 0xf2, 0x01, 0xfa, 0x00, 0x00, 0x1f, 0xc0, 0x1f, 0x90, 0x04, 0xf6,
    0x06, 0xf5, 0x00, 0x00, 0x0b, 0xf2, 0x6f, 0x40, 0x00, 0xec, 0x0b, 0xe0,
    0x00, 0x00, 0x06, 0xf7, 0xbd, 0x00, 0x00, 0x9f, 0x3f, 0xa0, 0x00, 0x00,
    0x01, 0xfd, 0xf8, 0x00, 0x00, 0x4f, 0xdf, 0x50, 0x00, 0x00, 0x00, 0xbf,
    0xf3, 0x00, 0x00, 0x0e, 0xfe, 0x00, 0x00, 0x00, 0x00, 0x6f, 0xd0, 0x00,
    0x00, 0x09, 0xfa, 0x00, 0x00, 0x29, 0x70, 0x00, 0x00, 0x05, 0x93, 0x0a,
    0xf5, 0x00, 0x00, 0x3f, 0xb0, 0x01, 0xde, 0x20, 0x01, 0xde, 0x20, 0x00,
    0x4f, 0xc0, 0x0a, 0xf4, 0x00, 0x00, 0x08, 0xf8, 0x6f, 0x80, 0x00, 0x00,
    0x00, 0xcf, 0xfc, 0x00, 0x00, 0x00, 0x00, 0x3f, 0xf5, 0x00, 0x00, 0x00,
    0x00, 0xbf, 0xfc, 0x10, 0x00, 0x00, 0x07, 0xf8, 0x7f, 0x90, 0x00, 0x00,
    0x3f, 0xc0, 0x0b, 0xf5, 0x00, 0x01, 0xde, 0x20, 0x01, 0xee, 0x20, 0x0a,
    0xf6, 0x00, 0x00, 0x4f, 0xc0, 0x6f, 0xa0, 0x00, 0x00, 0x08, 0xf8, 0x08,
    0x91, 0x00, 0x00, 0x00, 0x29, 0x50, 0x6f, 0x80, 0x00, 0x00, 0x0b, 0xe2,
    0x00, 0xcf, 0x20, 0x00, 0x05, 0xf7, 0x00, 0x03, 0xfb, 0x00, 0x01, 0xdc,
    0x00, 0x00, 0x09, 0xf5, 0x00, 0x8f, 0x30, 0x00, 0x00, 0x1e, 0xd1, 0x3f,
    0x90, 0x00, 0x00, 0x00, 0x5f, 0x8c, 0xe1, 0x00, 0x00, 0x00, 0x00, 0xbf,
    0xf6, 0x00, 0x00, 0x00, 0x00, 0x03, 0xfe, 0x00, 0x00, 0x00, 0x00, 0x00,
    0x1f, 0xb0, 0x00, 0x00, 0x00, 0x00, 0x01, 0xfb, 0x00, 0x00, 0x00, 0x00,
    0x00, 0x1f, 0xb0, 0x00, 0x00, 0x00, 0x00, 0x01, 0xfb, 0x00, 0x00, 0x00,
    0x19, 0x99, 0x99, 0x99, 0x99, 0x91, 0x1e, 0xee, 0xee, 0xee, 0xff, 0xf1,
    0x00, 0x00, 0x00, 0x00, 0xbf, 0x60, 0x00, 0x00, 0x00, 0x08, 0xf9, 0x00,
    0x00, 0x00, 0x00, 0x5f, 0xb0, 0x00, 0x00, 0x00, 0x03, 0xfd, 0x10, 0x00,
    0x00, 0x00, 0x1d, 0xe3, 0x00, 0x00, 0x00, 0x00, 0xbf, 0x50, 0x00, 0x00,
    0x00, 0x09, 0xf8, 0x00, 0x00, 0x00, 0x00, 0x6f, 0xb0, 0x00, 0x00, 0x00,
    0x03, 0xfd, 0x10, 0x00, 0x00, 0x00, 0x1e, 0xfb, 0x88, 0x88, 0x88, 0x82,
    0x3f, 0xff, 0xff, 0xff, 0xff, 0xf4, 0x01, 0x55, 0x53, 0x02, 0xff, 0xfa,
    0x02, 0xfa, 0x11, 0x02, 0xf9, 0x00, 0x02, 0xf9, 0x00, 0x02, 0xf9, 0x00,
    0x02, 0xf9, 0x00, 0x02, 0xf9, 0x00, 0x02, 0xf9, 0x00, 0x02, 0xf9, 0x00,
    0x02, 0xf9, 0x00, 0x02, 0xf9, 0x00, 0x02, 0xf9, 0x00, 0x02, 0xf9, 0x00,
    0x02, 0xf9, 0x00, 0x02, 0xf9, 0x00, 0x02, 0xff, 0xe9, 0x01, 0x77, 0x75,
    0x12, 0x00, 0x00, 0x00, 0x7f, 0x20, 0x00, 0x00, 0x2f, 0x70, 0x00, 0x00,
    0x0b, 0xc0, 0x00, 0x00, 0x06, 0xf3, 0x00, 0x00, 0x01, 0xf8, 0x00, 0x00,
    0x00, 0xad, 0x00, 0x00, 0x00, 0x5f, 0x30, 0x00, 0x00, 0x1e, 0x90, 0x00,
    0x00, 0x0a, 0xe0, 0x00, 0x00, 0x04, 0xf4, 0x00, 0x00, 0x00, 0xe9, 0x00,
    0x00, 0x00, 0x9e, 0x00, 0x00, 0x00, 0x4f, 0x50, 0x00, 0x00, 0x0d, 0xa0,
    0x00, 0x00, 0x08, 0xf1, 0x00, 0x00, 0x03, 0xf6, 0x00, 0x00, 0x00, 0xa8,
    0x45, 0x55, 0x00, 0xaf, 0xff, 0x10, 0x11, 0xaf, 0x10, 0x00, 0x9f, 0x10,
    0x00, 0x9f, 0x10, 0x00, 0x9f, 0x10, 0x00, 0x9f, 0x10, 0x00, 0x9f, 0x10,
    0x00, 0x9f, 0x10, 0x00, 0x9f, 0x10, 0x00, 0x9f, 0x10, 0x00, 0x9f, 0x10,
    0x00, 0x9f, 0x10, 0x00, 0x9f, 0x10, 0x00, 0x9f, 0x10, 0x00, 0x9f, 0x10,
    0x9e, 0xff, 0x10, 0x57, 0x77, 0x10, 0x00, 0x00, 0x00, 0x00, 0x00, 0x00,
    0x00, 0x0b, 0xf3, 0x00, 0x00, 0x00, 0x02, 0xfe, 0x90, 0x00, 0x00, 0x00,
    0x8c, 0x4f, 0x10, 0x00, 0x00, 0x1e, 0x50, 0xd7, 0x00, 0x00, 0x06, 0xe0,
    0x07, 0xd0, 0x00, 0x00, 0xc8, 0x00, 0x1f, 0x50, 0x00, 0x4f, 0x20, 0x00,
    0xab, 0x00, 0x04, 0x50, 0x00, 0x02, 0x70, 0x00, 0x00, 0x00, 0x00, 0x00,
    0x00, 0x00, 0x00, 0x00, 0x00, 0x00, 0x00, 0xff, 0xff, 0xff, 0xff, 0xf2,
    0x22, 0x22, 0x22, 0x22, 0x00, 0x34, 0x20, 0x00, 0x00, 0x00, 0x02, 0xce,
    0x30, 0x00, 0x00, 0x00, 0x00, 0x9e, 0x30, 0x00, 0x00, 0x00, 0x00, 0x11,
    0x00, 0x00, 0x00, 0x00, 0x00, 0x00, 0x00, 0x00, 0x00, 0x00, 0x00, 0x00,
    0x00, 0x00, 0x00, 0x00, 0x00, 0x00, 0x00, 0x00, 0x00, 0x00, 0x00, 0x00,
    0x00, 0x00, 0x00, 0x00, 0x00, 0x00, 0x00, 0x00, 0x00, 0x00, 0x00, 0x00,
    0x00, 0x00, 0x00, 0x00, 0x00, 0x00, 0x00, 0x00, 0x00, 0x00, 0x00, 0x00,
    0x00, 0x00, 0x00, 0x00, 0x00, 0x00, 0x00, 0x00, 0x00, 0x00, 0x27, 0x99,
    0x71, 0x00, 0x00, 0x8f, 0xfd, 0xef, 0xe4, 0x00, 0x05, 0x81, 0x00, 0x4f,
    0xd0, 0x00, 0x00, 0x00, 0x00, 0xaf, 0x20, 0x00, 0x26, 0x78, 0x8d, 0xf3,
    0x00, 0x6f, 0xec, 0xbb, 0xff, 0x30, 0x0e, 0xd1, 0x00, 0x08, 0xf3, 0x01,
    0xfa, 0x00, 0x00, 0xdf, 0x30, 0x0c, 0xf8, 0x45, 0xbf, 0xf3, 0x00, 0x1a,
    0xff, 0xe9, 0x8f, 0x30, 0x00, 0x00, 0x10, 0x00, 0x00, 0x00, 0x02, 0x52,
    0x00, 0x00, 0x00, 0x00, 0x05, 0xf6, 0x00, 0x00, 0x00, 0x00, 0x05, 0xf6,
    0x00, 0x00, 0x00, 0x00, 0x05, 0xf6, 0x00, 0x00, 0x00, 0x00, 0x05, 0xf6,
    0x17, 0x98, 0x40, 0x00, 0x05, 0xfa, 0xef, 0xef, 0xfb, 0x10, 0x05, 0xff,
    0x91, 0x01, 0x8f, 0xb0, 0x05, 0xff, 0x00, 0x00, 0x0a, 0xf3, 0x05, 0xfa,
    0x00, 0x00, 0x05, 0xf6, 0x05, 0xf9, 0x00, 0x00, 0x04, 0xf7, 0x05, 0xfc,
    0x00, 0x00, 0x07, 0xf5, 0x05, 0xff, 0x30, 0x00, 0x2e, 0xe1, 0x05, 0xfe,
    0xe9, 0x78, 0xef, 0x50, 0x05, 0xf5, 0x8e, 0xff, 0xb4, 0x00, 0x00, 0x00,
    0x00, 0x10, 0x00, 0x00, 0x00, 0x02, 0x79, 0x85, 0x00, 0x00, 0x8f, 0xfe,
    0xef, 0xc1, 0x06, 0xfb, 0x20, 0x06, 0xf5, 0x0e, 0xd1, 0x00, 0x00, 0x10,
    0x2f, 0x90, 0x00, 0x00, 0x00, 0x3f, 0x80, 0x00, 0x00, 0x00, 0x1f, 0xb0,
    0x00, 0x00, 0x00, 0x0a, 0xf5, 0x00, 0x01, 0x92, 0x01, 0xdf, 0xa7, 0x8d,
    0xf5, 0x00, 0x19, 0xef, 0xfc, 0x40, 0x00, 0x00, 0x01, 0x00, 0x00, 0x00,
    0x00, 0x00, 0x00, 0x05, 0x30, 0x00, 0x00, 0x00, 0x00, 0x1f, 0x90, 0x00,
    0x00, 0x00, 0x00, 0x1f, 0x90, 0x00, 0x00, 0x00, 0x00, 0x1f, 0x90, 0x00,
    0x03, 0x89, 0x83, 0x1f, 0x90, 0x00, 0x8f, 0xfe, 0xff, 0x9f, 0x90, 0x07,
    0xfb, 0x20, 0x07, 0xff, 0x90, 0x0e, 0xd1, 0x00, 0x00, 0x9f, 0x90, 0x2f,
    0x90, 0x00, 0x00, 0x2f, 0x90, 0x3f, 0x80, 0x00, 0x00, 0x1f, 0x90, 0x1f,
    0xb0, 0x00, 0x00, 0x5f, 0x90, 0x0b, 0xf5, 0x00, 0x01, 0xdf, 0x90, 0x02,
    0xef, 0xa7, 0x8d, 0xdf, 0x90, 0x00, 0x2a, 0xef, 0xfa, 0x2f, 0x90, 0x00,
    0x00, 0x01, 0x00, 0x00, 0x00, 0x00, 0x03, 0x89, 0x83, 0x00, 0x00, 0x08,
    0xff, 0xde, 0xf9, 0x00, 0x07, 0xf9, 0x10, 0x18, 0xf7, 0x00, 0xec, 0x00,
    0x00, 0x0b, 0xe0, 0x2f, 0xe7, 0x77, 0x77, 0xcf, 0x33, 0xff, 0xcc, 0xcc,
    0xcc, 0xc3, 0x1f, 0xa0, 0x00, 0x00, 0x00, 0x00, 0xaf, 0x50, 0x00, 0x04,
    0x00, 0x01, 0xdf, 0xa7, 0x7b, 0xf6, 0x00, 0x01, 0x9e, 0xff, 0xd7, 0x00,
    0x00, 0x00, 0x01, 0x10, 0x00, 0x00, 0x00, 0x02, 0x66, 0x20, 0x05, 0xff,
    0xfc, 0x00, 0xed, 0x21, 0x20, 0x1f, 0x90, 0x00, 0x6a, 0xff, 0x88, 0x3a,
    0xff, 0xfd, 0xd5, 0x02, 0xf9, 0x00, 0x00, 0x2f, 0x90, 0x00, 0x02, 0xf9,
    0x00, 0x00, 0x2f, 0x90, 0x00, 0x02, 0xf9, 0x00, 0x00, 0x2f, 0x90, 0x00,
    0x02, 0xf9, 0x00, 0x00, 0x2f, 0x90, 0x00, 0x00, 0x03, 0x89, 0x84, 0x07,
    0x60, 0x00, 0x9f, 0xfe, 0xef, 0xad, 0xc0, 0x08, 0xfb, 0x20, 0x05, 0xef,
    0xc0, 0x1e, 0xd0, 0x00, 0x00, 0x5f, 0xc0, 0x3f, 0x80, 0x00, 0x00, 0x0f,
    0xc0, 0x3f, 0x90, 0x00, 0x00, 0x0f, 0xc0, 0x0e, 0xd1, 0x00, 0x00, 0x5f,
    0xc0, 0x07, 0xfb, 0x20, 0x05, 0xef, 0xc0, 0x00, 0x9f, 0xfe, 0xff, 0x9e,
    0xb0, 0x00, 0x03, 0x79, 0x83, 0x1f, 0xb0, 0x00, 0x00, 0x00, 0x00, 0x4f,
    0x80, 0x05, 0xd5, 0x10, 0x04, 0xdf, 0x20, 0x05, 0xef, 0xfe, 0xff, 0xe5,
    0x00, 0x00, 0x04, 0x79, 0x86, 0x10, 0x00, 0x02, 0x52, 0x00, 0x00, 0x00,
    0x00, 0x05, 0xf6, 0x00, 0x00, 0x00, 0x00, 0x05, 0xf6, 0x00, 0x00, 0x00,
    0x00, 0x05, 0xf6, 0x00, 0x00, 0x00, 0x00, 0x05, 0xf6, 0x27, 0x98, 0x40,
    0x00, 0x05, 0xfb, 0xff, 0xef, 0xf9, 0x00, 0x05, 0xff, 0x81, 0x02, 0xcf,
    0x40, 0x05, 0xfb, 0x00, 0x00, 0x4f, 0x90, 0x05, 0xf6, 0x00, 0x00, 0x1f,
    0xa0, 0x05, 0xf6, 0x00, 0x00, 0x0f, 0xb0, 0x05, 0xf6, 0x00, 0x00, 0x0f,
    0xb0, 0x05, 0xf6, 0x00, 0x00, 0x0f, 0xb0, 0x05, 0xf6, 0x00, 0x00, 0x0f,
    0xb0, 0x05, 0xf6, 0x00, 0x00, 0x0f, 0xb0, 0x03, 0x92, 0x00, 0xbf, 0x80,
    0x03, 0x92, 0x00, 0x00, 0x00, 0x03, 0x83, 0x00, 0x5f, 0x60, 0x05, 0xf6,
    0x00, 0x5f, 0x60, 0x05, 0xf6, 0x00, 0x5f, 0x60, 0x05, 0xf6, 0x00, 0x5f,
    0x60, 0x05, 0xf6, 0x00, 0x5f, 0x60, 0x00, 0x03, 0x92, 0x00, 0x00, 0xbf,
    0x80, 0x00, 0x03, 0x92, 0x00, 0x00, 0x00, 0x00, 0x00, 0x02, 0x84, 0x00,
    0x00, 0x4f, 0x70, 0x00, 0x04, 0xf7, 0x00, 0x00, 0x4f, 0x70, 0x00, 0x04,
    0xf7, 0x00, 0x00, 0x4f, 0x70, 0x00, 0x04, 0xf7, 0x00, 0x00, 0x4f, 0x70,
    0x00, 0x04, 0xf7, 0x00, 0x00, 0x4f, 0x70, 0x00, 0x04, 0xf7, 0x01, 0x10,
    0x8f, 0x40, 0x7f, 0xef, 0xc0, 0x02, 0x78, 0x60, 0x00, 0x02, 0x52, 0x00,
    0x00, 0x00, 0x00, 0x05, 0xf6, 0x00, 0x00, 0x00, 0x00, 0x05, 0xf6, 0x00,
    0x00, 0x00, 0x00, 0x05, 0xf6, 0x00, 0x00, 0x00, 0x00, 0x05, 0xf6, 0x00,
    0x00, 0x68, 0x30, 0x05, 0xf6, 0x00, 0x08, 0xf9, 0x00, 0x05, 0xf6, 0x00,
    0xaf, 0x90, 0x00, 0x05, 0xf6, 0x1b, 0xf8, 0x00, 0x00, 0x05, 0xf7, 0xcf,
    0xf0, 0x00, 0x00, 0x05, 0xff, 0xff, 0xf7, 0x00, 0x00, 0x05, 0xff, 0x51,
    0xdf, 0x40, 0x00, 0x05, 0xfa, 0x00, 0x2e, 0xe2, 0x00, 0x05, 0xf6, 0x00,
    0x04, 0xfc, 0x10, 0x05, 0xf6, 0x00, 0x00, 0x7f, 0xa0, 0x02, 0x52, 0x00,
    0x5f, 0x60, 0x05, 0xf6, 0x00, 0x5f, 0x60, 0x05, 0xf6, 0x00, 0x5f, 0x60,
    0x05, 0xf6, 0x00, 0x5f, 0x60, 0x05, 0xf6, 0x00, 0x5f, 0x60, 0x05, 0xf6,
    0x00, 0x5f, 0x60, 0x05, 0xf6, 0x00, 0x5f, 0x60, 0x03, 0x82, 0x27, 0x98,
    0x20, 0x02, 0x89, 0x83, 0x00, 0x00, 0x5f, 0xaf, 0xfe, 0xff, 0x67, 0xff,
    0xef, 0xf6, 0x00, 0x05, 0xff, 0x71, 0x04, 0xef, 0xf8, 0x10, 0x3e, 0xf1,
    0x00, 0x5f, 0xa0, 0x00, 0x08, 0xfb, 0x00, 0x00, 0x7f, 0x50, 0x05, 0xf6,
    0x00, 0x00, 0x5f, 0x70, 0x00, 0x04, 0xf7, 0x00, 0x5f, 0x60, 0x00, 0x04,
    0xf6, 0x00, 0x00, 0x4f, 0x70, 0x05, 0xf6, 0x00, 0x00, 0x4f, 0x60, 0x00,
    0x04, 0xf7, 0x00, 0x5f, 0x60, 0x00, 0x04, 0xf6, 0x00, 0x00, 0x4f, 0x70,
    0x05, 0xf6, 0x00, 0x00, 0x4f, 0x60, 0x00, 0x04, 0xf7, 0x00, 0x5f, 0x60,
    0x00, 0x04, 0xf6, 0x00, 0x00, 0x4f, 0x70, 0x03, 0x82, 0x27, 0x98, 0x40,
    0x00, 0x05, 0xf9, 0xff, 0xef, 0xf9, 0x00, 0x05, 0xff, 0x81, 0x02, 0xcf,
    0x40, 0x05, 0xfb, 0x00, 0x00, 0x4f, 0x90, 0x05, 0xf6, 0x00, 0x00, 0x1f,
    0xa0, 0x05, 0xf6, 0x00, 0x00, 0x0f, 0xb0, 0x05, 0xf6, 0x00, 0x00, 0x0f,
    0xb0, 0x05, 0xf6, 0x00, 0x00, 0x0f, 0xb0, 0x05, 0xf6, 0x00, 0x00, 0x0f,
    0xb0, 0x05, 0xf6, 0x00, 0x00, 0x0f, 0xb0, 0x00, 0x02, 0x79, 0x85, 0x00,
    0x00, 0x08, 0xff, 0xef, 0xfc, 0x20, 0x06, 0xfb, 0x20, 0x06, 0xfc, 0x00,
    0xed, 0x10, 0x00, 0x08, 0xf5, 0x2f, 0x90, 0x00, 0x00, 0x2f, 0x93, 0xf8,
    0x00, 0x00, 0x01, 0xf9, 0x1f, 0xb0, 0x00, 0x00, 0x4f, 0x70, 0xaf, 0x50,
    0x00, 0x1c, 0xf2, 0x02, 0xdf, 0xa7, 0x8d, 0xf6, 0x00, 0x01, 0x9e, 0xff,
    0xc4, 0x00, 0x00, 0x00, 0x01, 0x00, 0x00, 0x00, 0x03, 0x82, 0x27, 0x98,
    0x40, 0x00, 0x05, 0xf9, 0xef, 0xef, 0xfb, 0x10, 0x05, 0xff, 0x91, 0x01,
    0x8f, 0xb0, 0x05, 0xff, 0x00, 0x00, 0x0a, 0xf3, 0x05, 0xfa, 0x00, 0x00,
    0x05, 0xf6, 0x05, 0xf9, 0x00, 0x00, 0x04, 0xf7, 0x05, 0xfd, 0x00, 0x00,
    0x07, 0xf5, 0x05, 0xff, 0x30, 0x00, 0x2e, 0xe1, 0x05, 0xff, 0xe9, 0x78,
    0xef, 0x50, 0x05, 0xf6, 0x8e, 0xff, 0xb4, 0x00, 0x05, 0xf6, 0x00, 0x10,
    0x00, 0x00, 0x05, 0xf6, 0x00, 0x00, 0x00, 0x00, 0x05, 0xf6, 0x00, 0x00,
    0x00, 0x00, 0x03, 0x73, 0x00, 0x00, 0x00, 0x00, 0x00, 0x03, 0x89, 0x83,
    0x08, 0x50, 0x00, 0x8f, 0xfe, 0xff, 0x8f, 0x90, 0x07, 0xfb, 0x20, 0x07,
    0xff, 0x90, 0x0e, 0xe1, 0x00, 0x00, 0x8f, 0x90, 0x2f, 0x90, 0x00, 0x00,
    0x2f, 0x90, 0x3f, 0x80, 0x00, 0x00, 0x1f, 0x90, 0x1f, 0xb0, 0x00, 0x00,
    0x5f, 0x90, 0x0b, 0xf5, 0x00, 0x01, 0xef, 0x90, 0x02, 0xef, 0xa7, 0x8d,
    0xef, 0x90, 0x00, 0x2a, 0xef, 0xfa, 0x3f, 0x90, 0x00, 0x00, 0x01, 0x00,
    0x1f, 0x90, 0x00, 0x00, 0x00, 0x00, 0x1f, 0x90, 0x00, 0x00, 0x00, 0x00,
    0x1f, 0x90, 0x00, 0x00, 0x00, 0x00, 0x17, 0x50, 0x03, 0x82, 0x27, 0x70,
    0x5f, 0x9e, 0xfc, 0x05, 0xff, 0xa2, 0x00, 0x5f, 0xc0, 0x00, 0x05, 0xf7,
    0x00, 0x00, 0x5f, 0x60, 0x00, 0x05, 0xf6, 0x00, 0x00, 0x5f, 0x60, 0x00,
    0x05, 0xf6, 0x00, 0x00, 0x5f, 0x60, 0x00, 0x00, 0x38, 0x98, 0x62, 0x00,
    0x8f, 0xfd, 0xef, 0xe1, 0x2f, 0xb1, 0x00, 0x25, 0x03, 0xf9, 0x00, 0x00,
    0x00, 0x0d, 0xfc, 0x85, 0x10, 0x00, 0x18, 0xdf, 0xff, 0x80, 0x00, 0x00,
    0x14, 0xbf, 0x50, 0x20, 0x00, 0x04, 0xf7, 0x5f, 0xb7, 0x67, 0xdf, 0x21,
    0x8d, 0xff, 0xfb, 0x30, 0x00, 0x00, 0x10, 0x00, 0x00, 0x01, 0x96, 0x00,
    0x00, 0x2f, 0x90, 0x00, 0x6a, 0xff, 0x88, 0x3a, 0xff, 0xfd, 0xd5, 0x02,
    0xf9, 0x00, 0x00, 0x2f, 0x90, 0x00, 0x02, 0xf9, 0x00, 0x00, 0x2f, 0x90,
    0x00, 0x02, 0xf9, 0x00, 0x00, 0x1f, 0xb0, 0x00, 0x00, 0xcf, 0x86, 0x70,
    0x03, 0xcf, 0xfa, 0x00, 0x00, 0x10, 0x00, 0x04, 0x82, 0x00, 0x00, 0x18,
    0x40, 0x07, 0xf4, 0x00, 0x00, 0x3f, 0x80, 0x07, 0xf4, 0x00, 0x00, 0x3f,
    0x80, 0x07, 0xf4, 0x00, 0x00, 0x3f, 0x80, 0x07, 0xf4, 0x00, 0x00, 0x3f,
    0x80, 0x07, 0xf4, 0x00, 0x00, 0x3f, 0x80, 0x06, 0xf6, 0x00, 0x00, 0x5f,
    0x80, 0x03, 0xfb, 0x00, 0x01, 0xdf, 0x80, 0x00, 0xbf, 0xc7, 0x8d, 0xef,
    0x80, 0x00, 0x19, 0xef, 0xfa, 0x3f, 0x80, 0x00, 0x00, 0x01, 0x00, 0x00,
    0x00, 0x07, 0x70, 0x00, 0x00, 0x06, 0x80, 0x09, 0xf3, 0x00, 0x00, 0x1f,
    0x90, 0x02, 0xfa, 0x00, 0x00, 0x8f, 0x30, 0x00, 0xbf, 0x10, 0x00, 0xeb,
    0x00, 0x00, 0x4f, 0x80, 0x06, 0xf5, 0x00, 0x00, 0x0c, 0xe0, 0x0c, 0xd0,
    0x00, 0x00, 0x06, 0xf5, 0x4f, 0x70, 0x00, 0x00, 0x00, 0xec, 0xae, 0x10,
    0x00, 0x00, 0x00, 0x8f, 0xf8, 0x00, 0x00, 0x00, 0x00, 0x2f, 0xf2, 0x00,
    0x00, 0x67, 0x00, 0x00, 0x06, 0x80, 0x00, 0x00, 0x58, 0x08, 0xf2, 0x00,
    0x01, 0xef, 0x40, 0x00, 0x0d, 0xa0, 0x2f, 0x70, 0x00, 0x6f, 0xf9, 0x00,
    0x04, 0xf5, 0x00, 0xbd, 0x00, 0x0b, 0xc9, 0xe1, 0x00, 0x9e, 0x00, 0x06,
    0xf3, 0x02, 0xf7, 0x4f, 0x50, 0x1e, 0x80, 0x00, 0x1e, 0x90, 0x8f, 0x10,
    0xdb, 0x05, 0xf3, 0x00, 0x00, 0xae, 0x0d, 0xa0, 0x07, 0xf2, 0xbc, 0x00,
    0x00, 0x04, 0xf9, 0xf4, 0x00, 0x2f, 0x9f, 0x70, 0x00, 0x00, 0x0d, 0xfd,
    0x00, 0x00, 0xbf, 0xf1, 0x00, 0x00, 0x00, 0x8f, 0x80, 0x00, 0x05, 0xfa,
    0x00, 0x00, 0x38, 0x40, 0x00, 0x05, 0x82, 0x0b, 0xe3, 0x00, 0x3f, 0xa0,
    0x01, 0xed, 0x11, 0xdd, 0x10, 0x00, 0x4f, 0xab, 0xe3, 0x00, 0x00, 0x07,
    0xff, 0x60, 0x00, 0x00, 0x04, 0xff, 0x30, 0x00, 0x00, 0x2e, 0xde, 0xd1,
    0x00, 0x00, 0xce, 0x23, 0xfb, 0x00, 0x09, 0xf5, 0x00, 0x6f, 0x80, 0x5f,
    0x90, 0x00, 0x0a, 0xf4, 0x07, 0x70, 0x00, 0x00, 0x06, 0x80, 0x09, 0xf3,
    0x00, 0x00, 0x1f, 0x90, 0x02, 0xfa, 0x00, 0x00, 0x7f, 0x30, 0x00, 0xaf,
    0x20, 0x00, 0xeb, 0x00, 0x00, 0x4f, 0x80, 0x05, 0xf5, 0x00, 0x00, 0x0c,
    0xe1, 0x0c, 0xd0, 0x00, 0x00, 0x06, 0xf6, 0x3f, 0x60, 0x00, 0x00, 0x00,
    0xec, 0xae, 0x10, 0x00, 0x00, 0x00, 0x7f, 0xf8, 0x00, 0x00, 0x00, 0x00,
    0x1f, 0xf2, 0x00, 0x00, 0x00, 0x00, 0x1f, 0xa0, 0x00, 0x00, 0x05, 0x00,
    0xaf, 0x30, 0x00, 0x00, 0x3f, 0xee, 0xf8, 0x00, 0x00, 0x00, 0x04, 0x88,
    0x40, 0x00, 0x00, 0x00, 0x18, 0x88, 0x88, 0x88, 0x42, 0xdd, 0xdd, 0xdf,
    0xf7, 0x00, 0x00, 0x03, 0xec, 0x00, 0x00, 0x01, 0xde, 0x20, 0x00, 0x00,
    0xbf, 0x40, 0x00, 0x00, 0x8f, 0x60, 0x00, 0x00, 0x5f, 0x90, 0x00, 0x00,
    0x3f, 0xc0, 0x00, 0x00, 0x1d, 0xf8, 0x66, 0x66, 0x44, 0xff, 0xff, 0xff,
    0xfb, 0x00, 0x00, 0x45, 0x00, 0x1d, 0xff, 0x00, 0x6f, 0x81, 0x00, 0x8f,
    0x30, 0x00, 0x8f, 0x30, 0x00, 0x8f, 0x30, 0x00, 0x8f, 0x30, 0x00, 0x9f,
    0x20, 0x0a, 0xed, 0x00, 0x0c, 0xfb, 0x00, 0x00, 0x9f, 0x20, 0x00, 0x8f,
    0x30, 0x00, 0x8f, 0x30, 0x00, 0x8f, 0x30, 0x00, 0x8f, 0x30, 0x00, 0x7f,
    0x70, 0x00, 0x2e, 0xfe, 0x00, 0x01, 0x67, 0x01, 0x53, 0x00, 0x2f, 0x70,
    0x02, 0xf7, 0x00, 0x2f, 0x70, 0x02, 0xf7, 0x00, 0x2f, 0x70, 0x02, 0xf7,
    0x00, 0x2f, 0x70, 0x02, 0xf7, 0x00, 0x2f, 0x70, 0x02, 0xf7, 0x00, 0x2f,
    0x70, 0x02, 0xf7, 0x00, 0x2f, 0x70, 0x02, 0xf7, 0x00, 0x2f, 0x70, 0x02,
    0xf7, 0x00, 0x17, 0x40, 0x45, 0x10, 0x00, 0xaf, 0xe4, 0x00, 0x14, 0xfb,
    0x00, 0x00, 0xdd, 0x00, 0x00, 0xdd, 0x00, 0x00, 0xdd, 0x00, 0x00, 0xdd,
    0x00, 0x00, 0xde, 0x00, 0x00, 0x8f, 0xb3, 0x00, 0x7f, 0xd3, 0x00, 0xde,
    0x00, 0x00, 0xdd, 0x00, 0x00, 0xdd, 0x00, 0x00, 0xdd, 0x00, 0x00, 0xdd,
    0x00, 0x02, 0xfc, 0x00, 0x9f, 0xf5, 0x00, 0x56, 0x30, 0x00, 0x01, 0x9c,
    0x81, 0x00, 0x84, 0x09, 0xd8, 0xdd, 0x44, 0xf3, 0x0d, 0x50, 0x1a, 0xff,
    0xa0, 0x02, 0x00, 0x00, 0x22, 0x00, 0x00, 0x00, 0x00, 0x00, 0x00, 0x00,
    0x00, 0x00, 0x00, 0x00, 0x00, 0x00, 0x00, 0x00, 0x00, 0x00, 0x00, 0x00,
    0x00, 0x00, 0x03, 0x92, 0x00, 0xbf, 0x80, 0x04, 0x92, 0x00, 0x00, 0x00,
    0x02, 0x81, 0x00, 0x5f, 0x20, 0x05, 0xf3, 0x00, 0x6f, 0x30, 0x06, 0xf4,
    0x00, 0x7f, 0x50, 0x08, 0xf5, 0x00, 0x8f, 0x60, 0x07, 0xc5, 0x00, 0x00,
    0x00, 0x0a, 0x20, 0x00, 0x00, 0x00, 0x0e, 0x30, 0x00, 0x00, 0x02, 0x7f,
    0xc5, 0x00, 0x00, 0x8f, 0xff, 0xff, 0xc1, 0x06, 0xfb, 0x2e, 0x46, 0xf5,
    0x0e, 0xd1, 0x0e, 0x30, 0x10, 0x2f, 0x90, 0x0e, 0x30, 0x00, 0x3f, 0x80,
    0x0e, 0x30, 0x00, 0x1f, 0xb0, 0x0e, 0x30, 0x00, 0x0a, 0xf5, 0x0e, 0x31,
    0x92, 0x01, 0xdf, 0xaf, 0xbd, 0xf5, 0x00, 0x19, 0xef, 0xfc, 0x40, 0x00,
    0x00, 0x0f, 0x40, 0x00, 0x00, 0x00, 0x0e, 0x30, 0x00, 0x00, 0x00, 0x02,
    0x00, 0x00, 0x00, 0x00, 0x05, 0x9b, 0xa8, 0x30, 0x00, 0x02, 0xdf, 0xfd,
    0xef, 0xf3, 0x00, 0x0d, 0xf7, 0x00, 0x01, 0x60, 0x00, 0x4f, 0x90, 0x00,
    0x00, 0x00, 0x00, 0x7f, 0x50, 0x00, 0x00, 0x00, 0x00, 0x8f, 0x40, 0x00,
    0x00, 0x00, 0x6d, 0xff, 0xfd, 0xdd, 0xd1, 0x00, 0x24, 0xcf, 0x94, 0x44,
    0x40, 0x00, 0x00, 0x8f, 0x40, 0x00, 0x00, 0x00, 0x00, 0x8f, 0x40, 0x00,
    0x00, 0x00, 0x00, 0x8f, 0x40, 0x00, 0x00, 0x00, 0x48, 0xff, 0xd8, 0x88,
    0x88, 0x81, 0x7f, 0xff, 0xff, 0xff, 0xff, 0xf1, 0x03, 0x00, 0x00, 0x00,
    0x00, 0x12, 0x03, 0xf8, 0x02, 0x67, 0x51, 0x1d, 0xc0, 0x08, 0xff, 0xff,
    0xef, 0xef, 0xe3, 0x00, 0x0f, 0xf7, 0x10, 0x2b, 0xf7, 0x00, 0x03, 0xf6,
    0x00, 0x00, 0x0c, 0xc0, 0x00, 0x7e, 0x00, 0x00, 0x00, 0x5f, 0x20, 0x08,
    0xd0, 0x00, 0x00, 0x04, 0xf3, 0x00, 0x6f, 0x20, 0x00, 0x00, 0x7e, 0x10,
    0x01, 0xeb, 0x10, 0x00, 0x4f, 0x90, 0x00, 0x2f, 0xfd, 0x87, 0xaf, 0xf9,
    0x00, 0x2d, 0xe5, 0xae, 0xfd, 0x78, 0xf8, 0x01, 0xc3, 0x00, 0x00, 0x00,
    0x08, 0x80, 0x00, 0x00, 0x00, 0x00, 0x00, 0x00, 0x00, 0x08, 0x91, 0x00,
    0x00, 0x00, 0x02, 0x95, 0x04, 0xf9, 0x00, 0x00, 0x00, 0x0c, 0xe1, 0x00,
    0x9f, 0x50, 0x00, 0x00, 0x8f, 0x40, 0x00, 0x0c, 0xe2, 0x00, 0x04, 0xf9,
    0x00, 0x00, 0x03, 0xfb, 0x00, 0x1d, 0xc0, 0x00, 0x00, 0x00, 0x6f, 0x70,
    0xaf, 0x30, 0x00, 0x00, 0x00, 0x0b, 0xf9, 0xf6, 0x00, 0x00, 0x00, 0x39,
    0x9b, 0xff, 0xf9, 0x99, 0x00, 0x00, 0x26, 0x66, 0xff, 0xb6, 0x66, 0x00,
    0x00, 0x12, 0x22, 0xaf, 0x62, 0x22, 0x00, 0x00, 0x4d, 0xdd, 0xff, 0xfd,
    0xdd, 0x10, 0x00, 0x00, 0x00, 0x8f, 0x40, 0x00, 0x00, 0x00, 0x00, 0x00,
    0x8f, 0x40, 0x00, 0x00, 0x01, 0x53, 0x00, 0x2f, 0x70, 0x02, 0xf7, 0x00,
    0x2f, 0x70, 0x02, 0xf7, 0x00, 0x2f, 0x70, 0x02, 0xe7, 0x00, 0x00, 0x00,
    0x00, 0x00, 0x00, 0x00, 0x00, 0x00, 0x00, 0x00, 0x1c, 0x60, 0x02, 0xf7,
    0x00, 0x2f, 0x70, 0x02, 0xf7, 0x00, 0x2f, 0x70, 0x02, 0xf7, 0x00, 0x17,
    0x40, 0x00, 0x27, 0xaa, 0x84, 0x00, 0x4f, 0xeb, 0xbd, 0xf5, 0x0c, 0xc1,
    0x00, 0x04, 0x00, 0xea, 0x00, 0x00, 0x00, 0x09, 0xfb, 0x51, 0x00, 0x00,
    0x7f, 0xff, 0xfb, 0x30, 0x2f, 0x80, 0x16, 0xde, 0x15, 0xf3, 0x00, 0x03,
    0xf5, 0x2f, 0xb3, 0x00, 0x6f, 0x30, 0x5d, 0xfd, 0xff, 0x90, 0x00, 0x04,
    0x8d, 0xf6, 0x00, 0x00, 0x00, 0x0b, 0xe0, 0x14, 0x00, 0x00, 0xae, 0x06,
    0xfc, 0x88, 0xbf, 0x70, 0x05, 0xad, 0xdb, 0x50, 0x00, 0x00, 0x00, 0x00,
    0x00, 0x00, 0x00, 0x02, 0xe8, 0x0b, 0xd0, 0x00, 0x00, 0x1a, 0x50, 0x78,
    0x00, 0x00, 0x00, 0x00, 0x00, 0x00, 0x00, 0x00, 0x00, 0x00, 0x00, 0x00,
    0x00, 0x00, 0x00, 0x00, 0x00, 0x00, 0x00, 0x00, 0x00, 0x00, 0x00, 0x00,
    0x00, 0x00, 0x00, 0x00, 0x00, 0x00, 0x00, 0x00, 0x00, 0x00, 0x00, 0x00,
    0x00, 0x00, 0x00, 0x00, 0x00, 0x00, 0x00, 0x00, 0x00, 0x00, 0x00, 0x00,
    0x00, 0x00, 0x00, 0x00, 0x00, 0x00, 0x00, 0x00, 0x00, 0x00, 0x00, 0x00,
    0x00, 0x00, 0x00, 0x00, 0x16, 0x99, 0x84, 0x00, 0x00, 0x00, 0x07, 0xc7,
    0x33, 0x5a, 0xb2, 0x00, 0x00, 0x89, 0x00, 0x00, 0x00, 0x3d, 0x20, 0x04,
    0xa0, 0x08, 0xdf, 0xc5, 0x04, 0xb0, 0x0b, 0x20, 0xae, 0x64, 0x8e, 0x10,
    0xb3, 0x0c, 0x03, 0xf4, 0x00, 0x01, 0x00, 0x67, 0x2b, 0x05, 0xf0, 0x00,
    0x00, 0x00, 0x48, 0x1c, 0x04, 0xf2, 0x00, 0x00, 0x00, 0x57, 0x0d, 0x10,
    0xeb, 0x10, 0x28, 0x10, 0x94, 0x08, 0x70, 0x3e, 0xed, 0xfb, 0x11, 0xc0,
    0x01, 0xc3, 0x00, 0x46, 0x30, 0x1b, 0x40, 0x00, 0x2c, 0x71, 0x00, 0x04,
    0xc6, 0x00, 0x00, 0x00, 0x7c, 0xcc, 0xc9, 0x20, 0x00, 0x00, 0x00, 0x00,
    0x00, 0x00, 0x00, 0x00, 0x01, 0x56, 0x40, 0x00, 0xda, 0x8d, 0xa0, 0x00,
    0x00, 0x3f, 0x10, 0x9c, 0xce, 0xf2, 0x4e, 0x00, 0x3f, 0x21, 0xea, 0x9c,
    0xf2, 0x01, 0x54, 0x14, 0x00, 0x00, 0x00, 0x00, 0x00, 0x00, 0x00, 0x00,
    0x00, 0x00, 0x00, 0x00, 0x00, 0x00, 0x00, 0x00, 0x00, 0x00, 0x00, 0x00,
    0x00, 0x00, 0x00, 0x00, 0x00, 0x00, 0x02, 0x30, 0x23, 0x00, 0x02, 0xe7,
    0x2e, 0x70, 0x01, 0xcb, 0x1c, 0xb0, 0x00, 0x9e, 0x19, 0xe1, 0x00, 0x1d,
    0xb1, 0xdb, 0x00, 0x00, 0x4f, 0x64, 0xf6, 0x00, 0x00, 0x7e, 0x37, 0xe3,
    0x00, 0x00, 0x88, 0x08, 0x80, 0x00, 0x00, 0x00, 0x00, 0x00, 0x00, 0x00,
    0x00, 0x00, 0x00, 0x0c, 0xff, 0xff, 0xff, 0xf4, 0x05, 0x66, 0x66, 0x68,
    0xf4, 0x00, 0x00, 0x00, 0x04, 0xf4, 0x00, 0x00, 0x00, 0x04, 0xf4, 0x00,
    0x00, 0x00, 0x02, 0x92, 0x00, 0x00, 0x00, 0x00, 0x00, 0x00, 0x00, 0x00,
    0x00, 0x00, 0x29, 0x99, 0x99, 0x99, 0x98, 0x04, 0xfb, 0xaa, 0xaa, 0xad,
    0xd0, 0x4f, 0x20, 0x00, 0x00, 0x9d, 0x04, 0xf2, 0x00, 0x00, 0x09, 0xd0,
    0x4f, 0x20, 0x00, 0x00, 0x9d, 0x04, 0xf2, 0x00, 0x00, 0x09, 0xd0, 0x4f,
    0x20, 0x00, 0x00, 0x9d, 0x04, 0xf2, 0x00, 0x00, 0x09, 0xd0, 0x4f, 0x20,
    0x00, 0x00, 0x9d, 0x04, 0xf2, 0x00, 0x00, 0x09, 0xd0, 0x4f, 0x20, 0x00,
    0x00, 0x9d, 0x04, 0xf6, 0x44, 0x44, 0x4b, 0xd0, 0x4f, 0xff, 0xff, 0xff,
    0xfd, 0x00, 0x00, 0x00, 0x16, 0x99, 0x84, 0x00, 0x00, 0x00, 0x07, 0xc7,
    0x33, 0x5a, 0xb2, 0x00, 0x00, 0x89, 0x00, 0x00, 0x00, 0x3d, 0x20, 0x04,
    0xa0, 0x5d, 0xdd, 0xb4, 0x04, 0xb0, 0x0b, 0x20, 0x5d, 0x22, 0x6e, 0x30,
    0xb3, 0x0c, 0x00, 0x5d, 0x00, 0x0c, 0x60, 0x67, 0x2b, 0x00, 0x5d, 0x00,
    0x4e, 0x30, 0x48, 0x1c, 0x00, 0x5f, 0xff, 0xf6, 0x00, 0x57, 0x0d, 0x10,
    0x5d, 0x00, 0xc6, 0x00, 0x94, 0x08, 0x70, 0x5d, 0x00, 0x3e, 0x21, 0xc0,
    0x01, 0xc3, 0x24, 0x00, 0x03, 0x3b, 0x40, 0x00, 0x2c, 0x71, 0x00, 0x04,
    0xc6, 0x00, 0x00, 0x00, 0x7c, 0xcc, 0xc9, 0x20, 0x00, 0x00, 0x00, 0x00,
    0x00, 0x00, 0x00, 0x00, 0x00, 0x5a, 0xaa, 0xaa, 0x30, 0x00, 0x04, 0x77,
    0x77, 0x72, 0x00, 0x00, 0x00, 0x00, 0x00, 0x00, 0x00, 0x00, 0x00, 0x00,
    0x00, 0x00, 0x00, 0x00, 0x00, 0x00, 0x00, 0x00, 0x00, 0x00, 0x00, 0x00,
    0x00, 0x00, 0x00, 0x00, 0x00, 0x00, 0x00, 0x00, 0x00, 0x00, 0x00, 0x00,
    0x00, 0x00, 0x00, 0x00, 0x00, 0x00, 0x00, 0x00, 0x00, 0x00, 0x00, 0x00,
    0x00, 0x00, 0x00, 0x00, 0x00, 0x00, 0x00, 0x00, 0x00, 0x00, 0x00, 0x00,
    0x00, 0x00, 0x00, 0x00, 0x00, 0x6a, 0x93, 0x00, 0x09, 0xb4, 0x6e, 0x30,
    0x1e, 0x10, 0x07, 0x90, 0x2d, 0x00, 0x05, 0xa0, 0x0d, 0x50, 0x1c, 0x60,
    0x03, 0xce, 0xe8, 0x00, 0x00, 0x01, 0x10, 0x00, 0x00, 0x00, 0x00, 0x00,
    0x00, 0x00, 0x00, 0x00, 0x00, 0x00, 0x00, 0x00, 0x00, 0x00, 0x00, 0x00,
    0x00, 0x00, 0x00, 0x00, 0x00, 0x00, 0x00, 0x00, 0x00, 0x00, 0x00, 0x00,
    0x00, 0x00, 0x00, 0x8f, 0x00, 0x00, 0x00, 0x00, 0x8f, 0x00, 0x00, 0x00,
    0x00, 0x8f, 0x00, 0x00, 0x0a, 0xdd, 0xff, 0xdd, 0xd3, 0x06, 0x88, 0xff,
    0x88, 0x82, 0x00, 0x00, 0x8f, 0x00, 0x00, 0x00, 0x00, 0x8f, 0x00, 0x00,
    0x00, 0x00, 0x5a, 0x00, 0x00, 0x00, 0x00, 0x00, 0x00, 0x00, 0x05, 0x66,
    0x66, 0x66, 0x62, 0x0c, 0xff, 0xff, 0xff, 0xf4, 0x02, 0x78, 0x71, 0x00,
    0x3f, 0xb8, 0xbe, 0x20, 0x02, 0x00, 0x0d, 0x70, 0x00, 0x00, 0x2f, 0x40,
    0x00, 0x03, 0xe7, 0x00, 0x00, 0x4e, 0x60, 0x00, 0x06, 0xf5, 0x00, 0x00,
    0x2f, 0xff, 0xff, 0xd0, 0x00, 0x00, 0x00, 0x00, 0x00, 0x00, 0x00, 0x00,
    0x00, 0x00, 0x00, 0x00, 0x00, 0x00, 0x00, 0x00, 0x00, 0x00, 0x00, 0x00,
    0x00, 0x00, 0x00, 0x00, 0x27, 0x77, 0x77, 0x40, 0x28, 0x88, 0xbf, 0x50,
    0x00, 0x02, 0xd6, 0x00, 0x00, 0x1e, 0xc2, 0x00, 0x00, 0x19, 0xae, 0x50,
    0x00, 0x00, 0x08, 0xc0, 0x28, 0x20, 0x2b, 0xa0, 0x3b, 0xef, 0xfb, 0x20,
    0x00, 0x01, 0x00, 0x00, 0x00, 0x00, 0x00, 0x00, 0x00, 0x00, 0x00, 0x00,
    0x00, 0x00, 0x00, 0x00, 0x00, 0x00, 0x00, 0x00, 0x00, 0x00, 0x00, 0x00,
    0x00, 0x00, 0x00, 0x34, 0x20, 0x00, 0x00, 0x00, 0x5f, 0xa1, 0x00, 0x00,
    0x00, 0x5f, 0x70, 0x00, 0x00, 0x00, 0x01, 0x10, 0x00, 0x00, 0x00, 0x00,
    0x00, 0x00, 0x00, 0x00, 0x00, 0x00, 0x00, 0x00, 0x00, 0x00, 0x00, 0x00,
    0x00, 0x00, 0x00, 0x00, 0x00, 0x00, 0x00, 0x00, 0x00, 0x00, 0x00, 0x00,
    0x00, 0x00, 0x00, 0x00, 0x00, 0x00, 0x00, 0x00, 0x00, 0x00, 0x00, 0x00,
    0x00, 0x00, 0x00, 0x00, 0x00, 0x00, 0x00, 0x00, 0x00, 0x00, 0x00, 0x00,
    0x00, 0x00, 0x00, 0x00, 0x00, 0x03, 0x83, 0x00, 0x00, 0x18, 0x50, 0x05,
    0xf6, 0x00, 0x00, 0x1f, 0x90, 0x05, 0xf6, 0x00, 0x00, 0x1f, 0x90, 0x05,
    0xf6, 0x00, 0x00, 0x1f, 0x90, 0x05, 0xf6, 0x00, 0x00, 0x1f, 0x90, 0x05,
    0xf6, 0x00, 0x00, 0x2f, 0x90, 0x05, 0xf7, 0x00, 0x00, 0x4f, 0x90, 0x05,
    0xfd, 0x00, 0x00, 0xbf, 0x90, 0x05, 0xff, 0xc8, 0x8c, 0xef, 0x90, 0x05,
    0xf8, 0xcf, 0xfc, 0x3f, 0x90, 0x05, 0xf6, 0x01, 0x00, 0x00, 0x00, 0x05,
    0xf6, 0x00, 0x00, 0x00, 0x00, 0x05, 0xf6, 0x00, 0x00, 0x00, 0x00, 0x03,
    0x73, 0x00, 0x00, 0x00, 0x00, 0x00, 0x14, 0x55, 0x55, 0x54, 0x00, 0x07,
    0xff, 0xff, 0xff, 0xfc, 0x00, 0x5f, 0xff, 0xf8, 0x00, 0xac, 0x00, 0x9f,
    0xff, 0xf8, 0x00, 0xac, 0x00, 0x9f, 0xff, 0xf8, 0x00, 0xac, 0x00, 0x3f,
    0xff, 0xf8, 0x00, 0xac, 0x00, 0x04, 0xcf, 0xf8, 0x00, 0xac, 0x00, 0x00,
    0x00, 0xe8, 0x00, 0xac, 0x00, 0x00, 0x00, 0xe8, 0x00, 0xac, 0x00, 0x00,
    0x00, 0xe8, 0x00, 0xac, 0x00, 0x00, 0x00, 0xe8, 0x00, 0xac, 0x00, 0x00,
    0x00, 0xe8, 0x00, 0xac, 0x00, 0x00, 0x00, 0xe8, 0x00, 0xac, 0x00, 0x00,
    0x00, 0xe8, 0x00, 0xac, 0x00, 0x00, 0x00, 0xe8, 0x00, 0xac, 0x00, 0x00,
    0x00, 0xb6, 0x00, 0x89, 0x00, 0x00, 0x20, 0x00, 0x9f, 0x60, 0x0a, 0xf7,
    0x00, 0x14, 0x00, 0x00, 0x00, 0x00, 0x00, 0x00, 0x00, 0x00, 0x00, 0x00,
    0x00, 0x02, 0x00, 0x00, 0x00, 0x00, 0x04, 0xb0, 0x00, 0x00, 0x00, 0x00,
    0x5c, 0xb0, 0x00, 0x00, 0x00, 0x10, 0x3f, 0x20, 0x00, 0x00, 0x06, 0xee,
    0x80, 0x00, 0x00, 0x00, 0x00, 0x00, 0x00, 0x00, 0x03, 0x77, 0x60, 0x00,
    0x03, 0x8e, 0xd0, 0x00, 0x00, 0x07, 0xc0, 0x00, 0x00, 0x07, 0xc0, 0x00,
    0x00, 0x07, 0xc0, 0x00, 0x00, 0x07, 0xc0, 0x00, 0x00, 0x07, 0xd0, 0x00,
    0x08, 0xff, 0xff, 0xa0, 0x00, 0x00, 0x00, 0x00, 0x00, 0x00, 0x00, 0x00,
    0x00, 0x00, 0x00, 0x00, 0x00, 0x00, 0x00, 0x00, 0x00, 0x00, 0x00, 0x00,
    0x00, 0x00, 0x00, 0x00, 0x00, 0x36, 0x51, 0x00, 0x09, 0xe9, 0xbe, 0x30,
    0x4e, 0x20, 0x08, 0xc0, 0x6c, 0x00, 0x04, 0xe0, 0x3f, 0x30, 0x09, 0xb0,
    0x07, 0xeb, 0xcd, 0x20, 0x00, 0x25, 0x40, 0x00, 0x00, 0x00, 0x00, 0x00,
    0x00, 0x00, 0x00, 0x00, 0x00, 0x00, 0x00, 0x00, 0x00, 0x00, 0x00, 0x00,
    0x00, 0x00, 0x00, 0x00, 0x00, 0x00, 0x00, 0x00, 0x00, 0x00, 0x00, 0x00,
    0x13, 0x11, 0x31, 0x00, 0x01, 0xcb, 0x1c, 0xb0, 0x00, 0x02, 0xe7, 0x2e,
    0x70, 0x00, 0x06, 0xf4, 0x6f, 0x40, 0x00, 0x2f, 0x82, 0xf8, 0x00, 0x0c,
    0xc1, 0xcc, 0x00, 0x08, 0xe2, 0x8e, 0x20, 0x02, 0xa5, 0x2a, 0x50, 0x00,
    0x00, 0x00, 0x00, 0x00, 0x00, 0x03, 0x77, 0x60, 0x00, 0x00, 0x00, 0x19,
    0x30, 0x00, 0x00, 0x38, 0xed, 0x00, 0x00, 0x00, 0x09, 0xc0, 0x00, 0x00,
    0x00, 0x07, 0xc0, 0x00, 0x00, 0x04, 0xe2, 0x00, 0x00, 0x00, 0x00, 0x7c,
    0x00, 0x00, 0x01, 0xd6, 0x00, 0x00, 0x00, 0x00, 0x07, 0xc0, 0x00, 0x00,
    0x9b, 0x00, 0x00, 0x00, 0x00, 0x00, 0x7c, 0x00, 0x00, 0x5e, 0x20, 0x01,
    0x72, 0x00, 0x00, 0x07, 0xd0, 0x00, 0x1e, 0x60, 0x00, 0xba, 0x00, 0x00,
    0x8f, 0xff, 0xfa, 0x0a, 0xa0, 0x00, 0x7d, 0x10, 0x00, 0x00, 0x00, 0x00,
    0x05, 0xe1, 0x00, 0x3e, 0x32, 0x40, 0x00, 0x00, 0x00, 0x02, 0xe5, 0x00,
    0x1d, 0x70, 0x5c, 0x00, 0x00, 0x00, 0x00, 0xba, 0x00, 0x08, 0xfc, 0xcf,
    0xfc, 0x30, 0x00, 0x00, 0x6d, 0x10, 0x00, 0x23, 0x33, 0xaf, 0x31, 0x00,
    0x00, 0x2e, 0x40, 0x00, 0x00, 0x00, 0x07, 0xc0, 0x00, 0x03, 0x77, 0x60,
    0x00, 0x00, 0x00, 0x19, 0x30, 0x00, 0x00, 0x38, 0xed, 0x00, 0x00, 0x00,
    0x09, 0xc0, 0x00, 0x00, 0x00, 0x07, 0xc0, 0x00, 0x00, 0x04, 0xe2, 0x00,
    0x00, 0x00, 0x00, 0x7c, 0x00, 0x00, 0x01, 0xd6, 0x00, 0x00, 0x00, 0x00,
    0x07, 0xc0, 0x00, 0x00, 0x9b, 0x00, 0x00, 0x00, 0x00, 0x00, 0x7c, 0x00,
    0x00, 0x5e, 0x22, 0x78, 0x71, 0x00, 0x00, 0x07, 0xd0, 0x00, 0x1e, 0x63,
    0xfb, 0x8b, 0xe2, 0x00, 0x8f, 0xff, 0xfa, 0x0a, 0xa0, 0x02, 0x00, 0x0d,
    0x70, 0x00, 0x00, 0x00, 0x05, 0xe1, 0x00, 0x00, 0x02, 0xf4, 0x00, 0x00,
    0x00, 0x02, 0xe5, 0x00, 0x00, 0x03, 0xe7, 0x00, 0x00, 0x00, 0x00, 0xba,
    0x00, 0x00, 0x04, 0xe6, 0x00, 0x00, 0x00, 0x00, 0x6d, 0x10, 0x00, 0x06,
    0xf5, 0x00, 0x00, 0x00, 0x00, 0x2e, 0x40, 0x00, 0x02, 0xff, 0xff, 0xfd,
    0x00, 0x27, 0x77, 0x77, 0x40, 0x00, 0x00, 0x19, 0x30, 0x00, 0x02, 0x88,
    0x8b, 0xf5, 0x00, 0x00, 0x09, 0xc0, 0x00, 0x00, 0x00, 0x02, 0xd6, 0x00,
    0x00, 0x04, 0xe2, 0x00, 0x00, 0x00, 0x01, 0xec, 0x20, 0x00, 0x01, 0xd6,
    0x00, 0x00, 0x00, 0x00, 0x19, 0xae, 0x50, 0x00, 0x9b, 0x00, 0x00, 0x00,
    0x00, 0x00, 0x00, 0x8c, 0x00, 0x5e, 0x20, 0x01, 0x72, 0x00, 0x28, 0x20,
    0x2b, 0xa0, 0x1e, 0x60, 0x00, 0xba, 0x00, 0x03, 0xbe, 0xff, 0xb2, 0x0a,
    0xa0, 0x00, 0x7d, 0x10, 0x00, 0x00, 0x01, 0x00, 0x05, 0xe1, 0x00, 0x3e,
    0x32, 0x40, 0x00, 0x00, 0x00, 0x02, 0xe5, 0x00, 0x1d, 0x70, 0x5c, 0x00,
    0x00, 0x00, 0x00, 0xba, 0x00, 0x08, 0xfc, 0xcf, 0xfc, 0x30, 0x00, 0x00,
    0x6d, 0x10, 0x00, 0x23, 0x33, 0xaf, 0x31, 0x00, 0x00, 0x2e, 0x40, 0x00,
    0x00, 0x00, 0x07, 0xc0, 0x00, 0x00, 0x00, 0x49, 0x10, 0x00, 0x00, 0x00,
    0x0c, 0xf6, 0x00, 0x00, 0x00, 0x00, 0x59, 0x10, 0x00, 0x00, 0x00, 0x00,
    0x00, 0x00, 0x00, 0x00, 0x00, 0x68, 0x10, 0x00, 0x00, 0x00, 0x1d, 0xe0,
    0x00, 0x00, 0x00, 0x1b, 0xf6, 0x00, 0x00, 0x00, 0x0b, 0xf6, 0x00, 0x00,
    0x00, 0x07, 0xf7, 0x00, 0x00, 0x00, 0x00, 0xbf, 0x20, 0x00, 0x00, 0x00,
    0x0a, 0xf7, 0x00, 0x01, 0xa8, 0x00, 0x3e, 0xfc, 0xab, 0xef, 0x80, 0x00,
    0x29, 0xde, 0xd9, 0x30, 0x00, 0x00, 0x00, 0x34, 0x20, 0x00, 0x00, 0x00,
    0x00, 0x00, 0x02, 0xce, 0x30, 0x00, 0x00, 0x00, 0x00, 0x00, 0x00, 0x9e,
    0x30, 0x00, 0x00, 0x00, 0x00, 0x00, 0x00, 0x11, 0x00, 0x00, 0x00, 0x00,
    0x00, 0x00, 0x49, 0x50, 0x00, 0x00, 0x00, 0x00, 0x00, 0x0c, 0xfe, 0x10,
    0x00, 0x00, 0x00, 0x00, 0x04, 0xfc, 0xf6, 0x00, 0x00, 0x00, 0x00, 0x00,
    0xbe, 0x1d, 0xd0, 0x00, 0x00, 0x00, 0x00, 0x3f, 0x90, 0x7f, 0x50, 0x00,
    0x00, 0x00, 0x09, 0xf2, 0x01, 0xec, 0x00, 0x00, 0x00, 0x01, 0xfa, 0x00,
    0x08, 0xf4, 0x00, 0x00, 0x00, 0x8f, 0x40, 0x00, 0x2f, 0xa0, 0x00, 0x00,
    0x1f, 0xf9, 0x99, 0x99, 0xff, 0x20, 0x00, 0x07, 0xff, 0xdd, 0xdd, 0xdf,
    0xf9, 0x00, 0x00, 0xde, 0x00, 0x00, 0x00, 0x0c, 0xf1, 0x00, 0x5f, 0x80,
    0x00, 0x00, 0x00, 0x5f, 0x80, 0x0c, 0xf1, 0x00, 0x00, 0x00, 0x00, 0xde,
    0x10, 0x00, 0x00, 0x00, 0x00, 0x34, 0x20, 0x00, 0x00, 0x00, 0x00, 0x00,
    0x5f, 0xa1, 0x00, 0x00, 0x00, 0x00, 0x00, 0x5f, 0x70, 0x00, 0x00, 0x00,
    0x00, 0x00, 0x01, 0x10, 0x00, 0x00, 0x00, 0x00, 0x00, 0x00, 0x49, 0x50,
    0x00, 0x00, 0x00, 0x00, 0x00, 0x0c, 0xfe, 0x10, 0x00, 0x00, 0x00, 0x00,
    0x04, 0xfc, 0xf6, 0x00, 0x00, 0x00, 0x00, 0x00, 0xbe, 0x1d, 0xd0, 0x00,
    0x00, 0x00, 0x00, 0x3f, 0x90, 0x7f, 0x50, 0x00, 0x00, 0x00, 0x09, 0xf2,
    0x01, 0xec, 0x00, 0x00, 0x00, 0x01, 0xfa, 0x00, 0x08, 0xf4, 0x00, 0x00,
    0x00, 0x8f, 0x40, 0x00, 0x2f, 0xa0, 0x00, 0x00, 0x1f, 0xf9, 0x99, 0x99,
    0xff, 0x20, 0x00, 0x07, 0xff, 0xdd, 0xdd, 0xdf, 0xf9, 0x00, 0x00, 0xde,
    0x00, 0x00, 0x00, 0x0c, 0xf1, 0x00, 0x5f, 0x80, 0x00, 0x00, 0x00, 0x5f,
    0x80, 0x0c, 0xf1, 0x00, 0x00, 0x00, 0x00, 0xde, 0x10, 0x00, 0x00, 0x00,
    0x24, 0x10, 0x00, 0x00, 0x00, 0x00, 0x00, 0x4f, 0xfd, 0x20, 0x00, 0x00,
    0x00, 0x00, 0x4e, 0x70, 0x9d, 0x20, 0x00, 0x00, 0x00, 0x01, 0x10, 0x00,
    0x11, 0x00, 0x00, 0x00, 0x00, 0x00, 0x49, 0x50, 0x00, 0x00, 0x00, 0x00,
    0x00, 0x0c, 0xfe, 0x10, 0x00, 0x00, 0x00, 0x00, 0x04, 0xfc, 0xf6, 0x00,
    0x00, 0x00, 0x00, 0x00, 0xbe, 0x1d, 0xd0, 0x00, 0x00, 0x00, 0x00, 0x3f,
    0x90, 0x7f, 0x50, 0x00, 0x00, 0x00, 0x09, 0xf2, 0x01, 0xec, 0x00, 0x00,
    0x00, 0x01, 0xfa, 0x00, 0x08, 0xf4, 0x00, 0x00, 0x00, 0x8f, 0x40, 0x00,
    0x2f, 0xa0, 0x00, 0x00, 0x1f, 0xf9, 0x99, 0x99, 0xff, 0x20, 0x00, 0x07,
    0xff, 0xdd, 0xdd, 0xdf, 0xf9, 0x00, 0x00, 0xde, 0x00, 0x00, 0x00, 0x0c,
    0xf1, 0x00, 0x5f, 0x80, 0x00, 0x00, 0x00, 0x5f, 0x80, 0x0c, 0xf1, 0x00,
    0x00, 0x00, 0x00, 0xde, 0x10, 0x00, 0x00, 0x00, 0x00, 0x00, 0x00, 0x00,
    0x00, 0x00, 0x03, 0xee, 0x60, 0x88, 0x00, 0x00, 0x00, 0x00, 0xb8, 0x4d,
    0xde, 0x40, 0x00, 0x00, 0x00, 0x04, 0x10, 0x15, 0x30, 0x00, 0x00, 0x00,
    0x00, 0x00, 0x49, 0x50, 0x00, 0x00, 0x00, 0x00, 0x00, 0x0c, 0xfe, 0x10,
    0x00, 0x00, 0x00, 0x00, 0x04, 0xfc, 0xf6, 0x00, 0x00, 0x00, 0x00, 0x00,
    0xbe, 0x1d, 0xd0, 0x00, 0x00, 0x00, 0x00, 0x3f, 0x90, 0x7f, 0x50, 0x00,
    0x00, 0x00, 0x09, 0xf2, 0x01, 0xec, 0x00, 0x00, 0x00, 0x01, 0xfa, 0x00,
    0x08, 0xf4, 0x00, 0x00, 0x00, 0x8f, 0x40, 0x00, 0x2f, 0xa0, 0x00, 0x00,
    0x1f, 0xf9, 0x99, 0x99, 0xff, 0x20, 0x00, 0x07, 0xff, 0xdd, 0xdd, 0xdf,
    0xf9, 0x00, 0x00, 0xde, 0x00, 0x00, 0x00, 0x0c, 0xf1, 0x00, 0x5f, 0x80,
    0x00, 0x00, 0x00, 0x5f, 0x80, 0x0c, 0xf1, 0x00, 0x00, 0x00, 0x00, 0xde,
    0x10, 0x00, 0x00, 0x00, 0x00, 0x00, 0x00, 0x00, 0x00, 0x00, 0x02, 0xe8,
    0x0b, 0xd0, 0x00, 0x00, 0x00, 0x00, 0x1a, 0x50, 0x78, 0x00, 0x00, 0x00,
    0x00, 0x00, 0x00, 0x00, 0x00, 0x00, 0x00, 0x00, 0x00, 0x00, 0x49, 0x50,
    0x00, 0x00, 0x00, 0x00, 0x00, 0x0c, 0xfe, 0x10, 0x00, 0x00, 0x00, 0x00,
    0x04, 0xfc, 0xf6, 0x00, 0x00, 0x00, 0x00, 0x00, 0xbe, 0x1d, 0xd0, 0x00,
    0x00, 0x00, 0x00, 0x3f, 0x90, 0x7f, 0x50, 0x00, 0x00, 0x00, 0x09, 0xf2,
    0x01, 0xec, 0x00, 0x00, 0x00, 0x01, 0xfa, 0x00, 0x08, 0xf4, 0x00, 0x00,
    0x00, 0x8f, 0x40, 0x00, 0x2f, 0xa0, 0x00, 0x00, 0x1f, 0xf9, 0x99, 0x99,
    0xff, 0x20, 0x00, 0x07, 0xff, 0xdd, 0xdd, 0xdf, 0xf9, 0x00, 0x00, 0xde,
    0x00, 0x00, 0x00, 0x0c, 0xf1, 0x00, 0x5f, 0x80, 0x00, 0x00, 0x00, 0x5f,
    0x80, 0x0c, 0xf1, 0x00, 0x00, 0x00, 0x00, 0xde, 0x10, 0x00, 0x00, 0x00,
    0x59, 0x30, 0x00, 0x00, 0x00, 0x00, 0x00, 0x59, 0x3b, 0x20, 0x00, 0x00,
    0x00, 0x00, 0x08, 0x40, 0x75, 0x00, 0x00, 0x00, 0x00, 0x00, 0x3b, 0x8c,
    0x10, 0x00, 0x00, 0x00, 0x00, 0x00, 0x24, 0x10, 0x00, 0x00, 0x00, 0x00,
    0x00, 0x04, 0x95, 0x00, 0x00, 0x00, 0x00, 0x00, 0x00, 0xcf, 0xe1, 0x00,
    0x00, 0x00, 0x00, 0x00, 0x4f, 0xcf, 0x60, 0x00, 0x00, 0x00, 0x00, 0x0b,
    0xe1, 0xdd, 0x00, 0x00, 0x00, 0x00, 0x03, 0xf9, 0x07, 0xf5, 0x00, 0x00,
    0x00, 0x00, 0x9f, 0x20, 0x1e, 0xc0, 0x00, 0x00, 0x00, 0x1f, 0xa0, 0x00,
    0x8f, 0x40, 0x00, 0x00, 0x08, 0xf4, 0x00, 0x02, 0xfa, 0x00, 0x00, 0x01,
    0xff, 0x99, 0x99, 0x9f, 0xf2, 0x00, 0x00, 0x7f, 0xfd, 0xdd, 0xdd, 0xff,
    0x90, 0x00, 0x0d, 0xe0, 0x00, 0x00, 0x00, 0xcf, 0x10, 0x05, 0xf8, 0x00,
    0x00, 0x00, 0x05, 0xf8, 0x00, 0xcf, 0x10, 0x00, 0x00, 0x00, 0x0d, 0xe1,
    0x00, 0x00, 0x00, 0x00, 0x6c, 0xb9, 0x99, 0x99, 0x99, 0x50, 0x00, 0x00,
    0x00, 0x03, 0xff, 0xff, 0xee, 0xee, 0xee, 0x80, 0x00, 0x00, 0x00, 0x0b,
    0xe6, 0xf7, 0x00, 0x00, 0x00, 0x00, 0x00, 0x00, 0x00, 0x5f, 0x65, 0xf7,
    0x00, 0x00, 0x00, 0x00, 0x00, 0x00, 0x01, 0xec, 0x05, 0xf7, 0x00, 0x00,
    0x00, 0x00, 0x00, 0x00, 0x08, 0xf4, 0x05, 0xf9, 0x22, 0x22, 0x22, 0x00,
    0x00, 0x00, 0x2f, 0xa0, 0x05, 0xff, 0xff, 0xff, 0xfc, 0x00, 0x00, 0x00,
    0xbe, 0x20, 0x05, 0xfb, 0x55, 0x55, 0x54, 0x00, 0x00, 0x05, 0xff, 0x99,
    0x9e, 0xf7, 0x00, 0x00, 0x00, 0x00, 0x00, 0x1d, 0xfd, 0xdd, 0xdf, 0xf7,
    0x00, 0x00, 0x00, 0x00, 0x00, 0x8f, 0x50, 0x00, 0x05, 0xf7, 0x00, 0x00,
    0x00, 0x00, 0x02, 0xfb, 0x00, 0x00, 0x05, 0xfc, 0x88, 0x88, 0x88, 0x70,
    0x0b, 0xf2, 0x00, 0x00, 0x05, 0xff, 0xff, 0xff, 0xff, 0xd0, 0x00, 0x00,
    0x27, 0xab, 0xa7, 0x20, 0x00, 0x00, 0x7f, 0xff, 0xde, 0xff, 0x70, 0x00,
    0x9f, 0xd5, 0x00, 0x04, 0xcd, 0x10, 0x4f, 0xc1, 0x00, 0x00, 0x00, 0x20,
    0x0b, 0xf3, 0x00, 0x00, 0x00, 0x00, 0x00, 0xfc, 0x00, 0x00, 0x00, 0x00,
    0x00, 0x2f, 0xa0, 0x00, 0x00, 0x00, 0x00, 0x01, 0xfb, 0x00, 0x00, 0x00,
    0x00, 0x00, 0x0d, 0xe1, 0x00, 0x00, 0x00, 0x00, 0x00, 0x8f, 0x80, 0x00,
    0x00, 0x00, 0x00, 0x01, 0xdf, 0x70, 0x00, 0x00, 0x69, 0x00, 0x02, 0xdf,
    0xd9, 0x78, 0xcf, 0xd1, 0x00, 0x01, 0x7d, 0xff, 0xfd, 0x71, 0x00, 0x00,
    0x00, 0x05, 0xd1, 0x00, 0x00, 0x00, 0x00, 0x00, 0x5c, 0xb0, 0x00, 0x00,
    0x00, 0x00, 0x10, 0x3f, 0x20, 0x00, 0x00, 0x00, 0x06, 0xee, 0x80, 0x00,
    0x00, 0x00, 0x00, 0x00, 0x00, 0x00, 0x00, 0x00, 0x03, 0x42, 0x00, 0x00,
    0x00, 0x00, 0x02, 0xce, 0x30, 0x00, 0x00, 0x00, 0x00, 0x09, 0xe3, 0x00,
    0x00, 0x00, 0x00, 0x00, 0x11, 0x00, 0x00, 0x01, 0x99, 0x99, 0x99, 0x99,
    0x70, 0x02, 0xff, 0xee, 0xee, 0xee, 0xb0, 0x02, 0xfa, 0x00, 0x00, 0x00,
    0x00, 0x02, 0xfa, 0x00, 0x00, 0x00, 0x00, 0x02, 0xfa, 0x00, 0x00, 0x00,
    0x00, 0x02, 0xfb, 0x22, 0x22, 0x22, 0x00, 0x02, 0xff, 0xff, 0xff, 0xff,
    0x00, 0x02, 0xfd, 0x55, 0x55, 0x55, 0x00, 0x02, 0xfa, 0x00, 0x00, 0x00,
    0x00, 0x02, 0xfa, 0x00, 0x00, 0x00, 0x00, 0x02, 0xfa, 0x00, 0x00, 0x00,
    0x00, 0x02, 0xfd, 0x88, 0x88, 0x88, 0x80, 0x02, 0xff, 0xff, 0xff, 0xff,
    0xf1, 0x00, 0x00, 0x00, 0x03, 0x42, 0x00, 0x00, 0x00, 0x00, 0x5f, 0xa1,
    0x00, 0x00, 0x00, 0x05, 0xf7, 0x00, 0x00, 0x00, 0x00, 0x01, 0x10, 0x00,
    0x00, 0x01, 0x99, 0x99, 0x99, 0x99, 0x70, 0x02, 0xff, 0xee, 0xee, 0xee,
    0xb0, 0x02, 0xfa, 0x00, 0x00, 0x00, 0x00, 0x02, 0xfa, 0x00, 0x00, 0x00,
    0x00, 0x02, 0xfa, 0x00, 0x00, 0x00, 0x00, 0x02, 0xfb, 0x22, 0x22, 0x22,
    0x00, 0x02, 0xff, 0xff, 0xff, 0xff, 0x00, 0x02, 0xfd, 0x55, 0x55, 0x55,
    0x00, 0x02, 0xfa, 0x00, 0x00, 0x00, 0x00, 0x02, 0xfa, 0x00, 0x00, 0x00,
    0x00, 0x02, 0xfa, 0x00, 0x00, 0x00, 0x00, 0x02, 0xfd, 0x88, 0x88, 0x88,
    0x80, 0x02, 0xff, 0xff, 0xff, 0xff, 0xf1, 0x00, 0x00, 0x02, 0x41, 0x00,
    0x00, 0x00, 0x00, 0x4f, 0xfd, 0x20, 0x00, 0x00, 0x04, 0xe7, 0x09, 0xd2,
    0x00, 0x00, 0x01, 0x10, 0x00, 0x11, 0x00, 0x01, 0x99, 0x99, 0x99, 0x99,
    0x70, 0x02, 0xff, 0xee, 0xee, 0xee, 0xb0, 0x02, 0xfa, 0x00, 0x00, 0x00,
    0x00, 0x02, 0xfa, 0x00, 0x00, 0x00, 0x00, 0x02, 0xfa, 0x00, 0x00, 0x00,
    0x00, 0x02, 0xfb, 0x22, 0x22, 0x22, 0x00, 0x02, 0xff, 0xff, 0xff, 0xff,
    0x00, 0x02, 0xfd, 0x55, 0x55, 0x55, 0x00, 0x02, 0xfa, 0x00, 0x00, 0x00,
    0x00, 0x02, 0xfa, 0x00, 0x00, 0x00, 0x00, 0x02, 0xfa, 0x00, 0x00, 0x00,
    0x00, 0x02, 0xfd, 0x88, 0x88, 0x88, 0x80, 0x02, 0xff, 0xff, 0xff, 0xff,
    0xf1, 0x00, 0x00, 0x00, 0x00, 0x00, 0x00, 0x00, 0x02, 0xe8, 0x0b, 0xd0,
    0x00, 0x00, 0x01, 0xa5, 0x07, 0x80, 0x00, 0x00, 0x00, 0x00, 0x00, 0x00,
    0x00, 0x01, 0x99, 0x99, 0x99, 0x99, 0x70, 0x02, 0xff, 0xee, 0xee, 0xee,
    0xb0, 0x02, 0xfa, 0x00, 0x00, 0x00, 0x00, 0x02, 0xfa, 0x00, 0x00, 0x00,
    0x00, 0x02, 0xfa, 0x00, 0x00, 0x00, 0x00, 0x02, 0xfb, 0x22, 0x22, 0x22,
    0x00, 0x02, 0xff, 0xff, 0xff, 0xff, 0x00, 0x02, 0xfd, 0x55, 0x55, 0x55,
    0x00, 0x02, 0xfa, 0x00, 0x00, 0x00, 0x00, 0x02, 0xfa, 0x00, 0x00, 0x00,
    0x00, 0x02, 0xfa, 0x00, 0x00, 0x00, 0x00, 0x02, 0xfd, 0x88, 0x88, 0x88,
    0x80, 0x02, 0xff, 0xff, 0xff, 0xff, 0xf1, 0x34, 0x20, 0x00, 0x02, 0xce,
    0x30, 0x00, 0x00, 0x9e, 0x30, 0x00, 0x00, 0x11, 0x00, 0x00, 0x19, 0x60,
    0x00, 0x02, 0xfa, 0x00, 0x00, 0x2f, 0xa0, 0x00, 0x02, 0xfa, 0x00, 0x00,
    0x2f, 0xa0, 0x00, 0x02, 0xfa, 0x00, 0x00, 0x2f, 0xa0, 0x00, 0x02, 0xfa,
    0x00, 0x00, 0x2f, 0xa0, 0x00, 0x02, 0xfa, 0x00, 0x00, 0x2f, 0xa0, 0x00,
    0x02, 0xfa, 0x00, 0x00, 0x2f, 0xa0, 0x00, 0x00, 0x03, 0x42, 0x00, 0x5f,
    0xa1, 0x05, 0xf7, 0x00, 0x01, 0x10, 0x00, 0x01, 0x96, 0x00, 0x02, 0xfa,
    0x00, 0x02, 0xfa, 0x00, 0x02, 0xfa, 0x00, 0x02, 0xfa, 0x00, 0x02, 0xfa,
    0x00, 0x02, 0xfa, 0x00, 0x02, 0xfa, 0x00, 0x02, 0xfa, 0x00, 0x02, 0xfa,
    0x00, 0x02, 0xfa, 0x00, 0x02, 0xfa, 0x00, 0x02, 0xfa, 0x00, 0x00, 0x24,
    0x10, 0x00, 0x4f, 0xfd, 0x20, 0x4e, 0x70, 0x9d, 0x21, 0x10, 0x00, 0x11,
    0x00, 0x19, 0x60, 0x00, 0x02, 0xfa, 0x00, 0x00, 0x2f, 0xa0, 0x00, 0x02,
    0xfa, 0x00, 0x00, 0x2f, 0xa0, 0x00, 0x02, 0xfa, 0x00, 0x00, 0x2f, 0xa0,
    0x00, 0x02, 0xfa, 0x00, 0x00, 0x2f, 0xa0, 0x00, 0x02, 0xfa, 0x00, 0x00,
    0x2f, 0xa0, 0x00, 0x02, 0xfa, 0x00, 0x00, 0x2f, 0xa0, 0x00, 0x00, 0x00,
    0x00, 0x02, 0xe8, 0x0b, 0xd0, 0x1a, 0x50, 0x78, 0x00, 0x00, 0x00, 0x00,
    0x00, 0x19, 0x60, 0x00, 0x02, 0xfa, 0x00, 0x00, 0x2f, 0xa0, 0x00, 0x02,
    0xfa, 0x00, 0x00, 0x2f, 0xa0, 0x00, 0x02, 0xfa, 0x00, 0x00, 0x2f, 0xa0,
    0x00, 0x02, 0xfa, 0x00, 0x00, 0x2f, 0xa0, 0x00, 0x02, 0xfa, 0x00, 0x00,
    0x2f, 0xa0, 0x00, 0x02, 0xfa, 0x00, 0x00, 0x2f, 0xa0, 0x00, 0x00, 0x19,
    0x99, 0x99, 0x87, 0x40, 0x00, 0x00, 0x00, 0x2f, 0xfe, 0xee, 0xff, 0xfd,
    0x40, 0x00, 0x00, 0x2f, 0xa0, 0x00, 0x02, 0x7e, 0xf6, 0x00, 0x00, 0x2f,
    0xa0, 0x00, 0x00, 0x02, 0xef, 0x20, 0x00, 0x2f, 0xa0, 0x00, 0x00, 0x00,
    0x5f, 0x90, 0x02, 0x4f, 0xc2, 0x22, 0x00, 0x00, 0x0e, 0xd0, 0x3f, 0xff,
    0xff, 0xff, 0x00, 0x00, 0x0d, 0xe0, 0x14, 0x6f, 0xf4, 0x44, 0x00, 0x00,
    0x0d, 0xe0, 0x00, 0x2f, 0xa0, 0x00, 0x00, 0x00, 0x2f, 0xb0, 0x00, 0x2f,
    0xa0, 0x00, 0x00, 0x00, 0xaf, 0x50, 0x00, 0x2f, 0xa0, 0x00, 0x00, 0x1a,
    0xfb, 0x00, 0x00, 0x2f, 0xd8, 0x88, 0x9b, 0xff, 0xa1, 0x00, 0x00, 0x2f,
    0xff, 0xff, 0xfd, 0xa4, 0x00, 0x00, 0x00, 0x00, 0x00, 0x00, 0x00, 0x00,
    0x00, 0x00, 0x00, 0x03, 0xee, 0x60, 0x88, 0x00, 0x00, 0x00, 0x00, 0xb8,
    0x4d, 0xde, 0x40, 0x00, 0x00, 0x00, 0x04, 0x10, 0x15, 0x30, 0x00, 0x00,
    0x01, 0x95, 0x00, 0x00, 0x00, 0x19, 0x60, 0x00, 0x2f, 0xf4, 0x00, 0x00,
    0x01, 0xfb, 0x00, 0x02, 0xff, 0xe2, 0x00, 0x00, 0x1f, 0xb0, 0x00, 0x2f,
    0xff, 0xc1, 0x00, 0x01, 0xfb, 0x00, 0x02, 0xfa, 0x9f, 0xa0, 0x00, 0x1f,
    0xb0, 0x00, 0x2f, 0xa0, 0xcf, 0x70, 0x01, 0xfb, 0x00, 0x02, 0xfa, 0x01,
    0xdf, 0x40, 0x1f, 0xb0, 0x00, 0x2f, 0xa0, 0x03, 0xfe, 0x21, 0xfb, 0x00,
    0x02, 0xfa, 0x00, 0x06, 0xfc, 0x2f, 0xb0, 0x00, 0x2f, 0xa0, 0x00, 0x09,
    0xfb, 0xfb, 0x00, 0x02, 0xfa, 0x00, 0x00, 0x0b, 0xff, 0xb0, 0x00, 0x2f,
    0xa0, 0x00, 0x00, 0x1d, 0xfb, 0x00, 0x02, 0xfa, 0x00, 0x00, 0x00, 0x3e,
    0xb0, 0x00, 0x00, 0x00, 0x34, 0x20, 0x00, 0x00, 0x00, 0x00, 0x00, 0x02,
    0xce, 0x30, 0x00, 0x00, 0x00, 0x00, 0x00, 0x00, 0x9e, 0x30, 0x00, 0x00,
    0x00, 0x00, 0x00, 0x00, 0x11, 0x00, 0x00, 0x00, 0x00, 0x00, 0x17, 0xab,
    0xa7, 0x20, 0x00, 0x00, 0x00, 0x7f, 0xfe, 0xde, 0xff, 0x80, 0x00, 0x00,
    0x9f, 0xd5, 0x00, 0x04, 0xcf, 0xa0, 0x00, 0x4f, 0xc1, 0x00, 0x00, 0x00,
    0xbf, 0x60, 0x0b, 0xf3, 0x00, 0x00, 0x00, 0x02, 0xfd, 0x00, 0xfc, 0x00,
    0x00, 0x00, 0x00, 0x0b, 0xf2, 0x2f, 0xa0, 0x00, 0x00, 0x00, 0x00, 0x9f,
    0x41, 0xfb, 0x00, 0x00, 0x00, 0x00, 0x09, 0xf3, 0x0d, 0xe1, 0x00, 0x00,
    0x00, 0x00, 0xde, 0x10, 0x8f, 0x80, 0x00, 0x00, 0x00, 0x6f, 0x90, 0x01,
    0xdf, 0x70, 0x00, 0x00, 0x6f, 0xe2, 0x00, 0x02, 0xdf, 0xd9, 0x78, 0xcf,
    0xd3, 0x00, 0x00, 0x01, 0x7c, 0xff, 0xfd, 0x81, 0x00, 0x00, 0x00, 0x00,
    0x01, 0x21, 0x00, 0x00, 0x00, 0x00, 0x00, 0x00, 0x00, 0x34, 0x20, 0x00,
    0x00, 0x00, 0x00, 0x00, 0x5f, 0xa1, 0x00, 0x00, 0x00, 0x00, 0x00, 0x5f,
    0x70, 0x00, 0x00, 0x00, 0x00, 0x00, 0x01, 0x10, 0x00, 0x00, 0x00, 0x00,
    0x00, 0x17, 0xab, 0xa7, 0x20, 0x00, 0x00, 0x00, 0x7f, 0xfe, 0xde, 0xff,
    0x80, 0x00, 0x00, 0x9f, 0xd5, 0x00, 0x04, 0xcf, 0xa0, 0x00, 0x4f, 0xc1,
    0x00, 0x00, 0x00, 0xbf, 0x60, 0x0b, 0xf3, 0x00, 0x00, 0x00, 0x02, 0xfd,
    0x00, 0xfc, 0x00, 0x00, 0x00, 0x00, 0x0b, 0xf2, 0x2f, 0xa0, 0x00, 0x00,
    0x00, 0x00, 0x9f, 0x41, 0xfb, 0x00, 0x00, 0x00, 0x00, 0x09, 0xf3, 0x0d,
    0xe1, 0x00, 0x00, 0x00, 0x00, 0xde, 0x10, 0x8f, 0x80, 0x00, 0x00, 0x00,
    0x6f, 0x90, 0x01, 0xdf, 0x70, 0x00, 0x00, 0x6f, 0xe2, 0x00, 0x02, 0xdf,
    0xd9, 0x78, 0xcf, 0xd3, 0x00, 0x00, 0x01, 0x7c, 0xff, 0xfd, 0x81, 0x00,
    0x00, 0x00, 0x00, 0x01, 0x21, 0x00, 0x00, 0x00, 0x00, 0x00, 0x00, 0x24,
    0x10, 0x00, 0x00, 0x00, 0x00, 0x00, 0x4f, 0xfd, 0x20, 0x00, 0x00, 0x00,
    0x00, 0x4e, 0x70, 0x9d, 0x20, 0x00, 0x00, 0x00, 0x01, 0x10, 0x00, 0x11,
    0x00, 0x00, 0x00, 0x00, 0x17, 0xab, 0xa7, 0x20, 0x00, 0x00, 0x00, 0x7f,
    0xfe, 0xde, 0xff, 0x80, 0x00, 0x00, 0x9f, 0xd5, 0x00, 0x04, 0xcf, 0xa0,
    0x00, 0x4f, 0xc1, 0x00, 0x00, 0x00, 0xbf, 0x60, 0x0b, 0xf3, 0x00, 0x00,
    0x00, 0x02, 0xfd, 0x00, 0xfc, 0x00, 0x00, 0x00, 0x00, 0x0b, 0xf2, 0x2f,
    0xa0, 0x00, 0x00, 0x00, 0x00, 0x9f, 0x41, 0xfb, 0x00, 0x00, 0x00, 0x00,
    0x09, 0xf3, 0x0d, 0xe1, 0x00, 0x00, 0x00, 0x00, 0xde, 0x10, 0x8f, 0x80,
    0x00, 0x00, 0x00, 0x6f, 0x90, 0x01, 0xdf, 0x70, 0x00, 0x00, 0x6f, 0xe2,
    0x00, 0x02, 0xdf, 0xd9, 0x78, 0xcf, 0xd3, 0x00, 0x00, 0x01, 0x7c, 0xff,
    0xfd, 0x81, 0x00, 0x00, 0x00, 0x00, 0x01, 0x21, 0x00, 0x00, 0x00, 0x00,
    0x00, 0x00, 0x00, 0x00, 0x00, 0x00, 0x00, 0x00, 0x03, 0xee, 0x60, 0x88,
    0x00, 0x00, 0x00, 0x00, 0xb8, 0x4d, 0xde, 0x40, 0x00, 0x00, 0x00, 0x04,
    0x10, 0x15, 0x30, 0x00, 0x00, 0x00, 0x00, 0x17, 0xab, 0xa7, 0x20, 0x00,
    0x00, 0x00, 0x7f, 0xfe, 0xde, 0xff, 0x80, 0x00, 0x00, 0x9f, 0xd5, 0x00,
    0x04, 0xcf, 0xa0, 0x00, 0x4f, 0xc1, 0x00, 0x00, 0x00, 0xbf, 0x60, 0x0b,
    0xf3, 0x00, 0x00, 0x00, 0x02, 0xfd, 0x00, 0xfc, 0x00, 0x00, 0x00, 0x00,
    0x0b, 0xf2, 0x2f, 0xa0, 0x00, 0x00, 0x00, 0x00, 0x9f, 0x41, 0xfb, 0x00,
    0x00, 0x00, 0x00, 0x09, 0xf3, 0x0d, 0xe1, 0x00, 0x00, 0x00, 0x00, 0xde,
    0x10, 0x8f, 0x80, 0x00, 0x00, 0x00, 0x6f, 0x90, 0x01, 0xdf, 0x70, 0x00,
    0x00, 0x6f, 0xe2, 0x00, 0x02, 0xdf, 0xd9, 0x78, 0xcf, 0xd3, 0x00, 0x00,
    0x01, 0x7c, 0xff, 0xfd, 0x81, 0x00, 0x00, 0x00, 0x00, 0x01, 0x21, 0x00,
    0x00, 0x00, 0x00, 0x00, 0x00, 0x00, 0x00, 0x00, 0x00, 0x00, 0x00, 0x02,
    0xe8, 0x0b, 0xd0, 0x00, 0x00, 0x00, 0x00, 0x1a, 0x50, 0x78, 0x00, 0x00,
    0x00, 0x00, 0x00, 0x00, 0x00, 0x00, 0x00, 0x00, 0x00, 0x00, 0x17, 0xab,
    0xa7, 0x20, 0x00, 0x00, 0x00, 0x7f, 0xfe, 0xde, 0xff, 0x80, 0x00, 0x00,
    0x9f, 0xd5, 0x00, 0x04, 0xcf, 0xa0, 0x00, 0x4f, 0xc1, 0x00, 0x00, 0x00,
    0xbf, 0x60, 0x0b, 0xf3, 0x00, 0x00, 0x00, 0x02, 0xfd, 0x00, 0xfc, 0x00,
    0x00, 0x00, 0x00, 0x0b, 0xf2, 0x2f, 0xa0, 0x00, 0x00, 0x00, 0x00, 0x9f,
    0x41, 0xfb, 0x00, 0x00, 0x00, 0x00, 0x09, 0xf3, 0x0d, 0xe1, 0x00, 0x00,
    0x00, 0x00, 0xde, 0x10, 0x8f, 0x80, 0x00, 0x00, 0x00, 0x6f, 0x90, 0x01,
    0xdf, 0x70, 0x00, 0x00, 0x6f, 0xe2, 0x00, 0x02, 0xdf, 0xd9, 0x78, 0xcf,
    0xd3, 0x00, 0x00, 0x01, 0x7c, 0xff, 0xfd, 0x81, 0x00, 0x00, 0x00, 0x00,
    0x01, 0x21, 0x00, 0x00, 0x00, 0x00, 0x42, 0x00, 0x06, 0x00, 0x00, 0xce,
    0x20, 0x9f, 0x50, 0x00, 0x1d, 0xeb, 0xf7, 0x00, 0x00, 0x02, 0xff, 0x90,
    0x00, 0x00, 0x08, 0xff, 0xd2, 0x00, 0x00, 0x8f, 0x72, 0xdd, 0x20, 0x00,
    0xa7, 0x00, 0x2c, 0x30, 0x00, 0x00, 0x00, 0x00, 0x00, 0x00, 0x00, 0x00,
    0x00, 0x00, 0x00, 0x00, 0x00, 0x00, 0x00, 0x00, 0x00, 0x00, 0x00, 0x00,
    0x7c, 0x10, 0x00, 0x00, 0x01, 0x7a, 0xba, 0x9f, 0x70, 0x00, 0x00, 0x07,
    0xff, 0xed, 0xef, 0xf9, 0x00, 0x00, 0x09, 0xfd, 0x50, 0x03, 0xff, 0xfa,
    0x00, 0x04, 0xfc, 0x10, 0x00, 0xbc, 0x0b, 0xf6, 0x00, 0xbf, 0x30, 0x00,
    0x4f, 0x40, 0x2f, 0xd0, 0x0f, 0xc0, 0x00, 0x0c, 0xb0, 0x00, 0xbf, 0x22,
    0xfa, 0x00, 0x05, 0xf3, 0x00, 0x09, 0xf4, 0x1f, 0xb0, 0x00, 0xd9, 0x00,
    0x00, 0x9f, 0x30, 0xde, 0x10, 0x7e, 0x20, 0x00, 0x0d, 0xe1, 0x08, 0xf8,
    0x1e, 0x80, 0x00, 0x06, 0xf9, 0x00, 0x1d, 0xff, 0xe1, 0x00, 0x06, 0xfe,
    0x20, 0x00, 0x2f, 0xff, 0x97, 0x8c, 0xfd, 0x30, 0x00, 0x00, 0xbf, 0xdf,
    0xff, 0xd8, 0x10, 0x00, 0x00, 0x3f, 0x50, 0x12, 0x10, 0x00, 0x00, 0x00,
    0x02, 0x40, 0x00, 0x00, 0x00, 0x00, 0x00, 0x00, 0x00, 0x34, 0x20, 0x00,
    0x00, 0x00, 0x00, 0x00, 0x2c, 0xe3, 0x00, 0x00, 0x00, 0x00, 0x00, 0x00,
    0x9e, 0x30, 0x00, 0x00, 0x00, 0x00, 0x00, 0x01, 0x10, 0x00, 0x00, 0x02,
    0x95, 0x00, 0x00, 0x00, 0x39, 0x40, 0x03, 0xf9, 0x00, 0x00, 0x00, 0x5f,
    0x70, 0x03, 0xf9, 0x00, 0x00, 0x00, 0x5f, 0x70, 0x03, 0xf9, 0x00, 0x00,
    0x00, 0x5f, 0x70, 0x03, 0xf9, 0x00, 0x00, 0x00, 0x5f, 0x70, 0x03, 0xf9,
    0x00, 0x00, 0x00, 0x5f, 0x70, 0x03, 0xf9, 0x00, 0x00, 0x00, 0x5f, 0x70,
    0x03, 0xf9, 0x00, 0x00, 0x00, 0x5f, 0x70, 0x02, 0xfa, 0x00, 0x00, 0x00,
    0x6f, 0x60, 0x00, 0xed, 0x00, 0x00, 0x00, 0xaf, 0x30, 0x00, 0x9f, 0x80,
    0x00, 0x04, 0xfd, 0x00, 0x00, 0x1d, 0xfc, 0x88, 0xbf, 0xe3, 0x00, 0x00,
    0x01, 0x9e, 0xff, 0xfa, 0x30, 0x00, 0x00, 0x00, 0x00, 0x12, 0x00, 0x00,
    0x00, 0x00, 0x00, 0x00, 0x00, 0x34, 0x20, 0x00, 0x00, 0x00, 0x00, 0x05,
    0xfa, 0x10, 0x00, 0x00, 0x00, 0x00, 0x5f, 0x70, 0x00, 0x00, 0x00, 0x00,
    0x00, 0x11, 0x00, 0x00, 0x00, 0x02, 0x95, 0x00, 0x00, 0x00, 0x39, 0x40,
    0x03, 0xf9, 0x00, 0x00, 0x00, 0x5f, 0x70, 0x03, 0xf9, 0x00, 0x00, 0x00,
    0x5f, 0x70, 0x03, 0xf9, 0x00, 0x00, 0x00, 0x5f, 0x70, 0x03, 0xf9, 0x00,
    0x00, 0x00, 0x5f, 0x70, 0x03, 0xf9, 0x00, 0x00, 0x00, 0x5f, 0x70, 0x03,
    0xf9, 0x00, 0x00, 0x00, 0x5f, 0x70, 0x03, 0xf9, 0x00, 0x00, 0x00, 0x5f,
    0x70, 0x02, 0xfa, 0x00, 0x00, 0x00, 0x6f, 0x60, 0x00, 0xed, 0x00, 0x00,
    0x00, 0xaf, 0x30, 0x00, 0x9f, 0x80, 0x00, 0x04, 0xfd, 0x00, 0x00, 0x1d,
    0xfc, 0x88, 0xbf, 0xe3, 0x00, 0x00, 0x01, 0x9e, 0xff, 0xfa, 0x30, 0x00,
    0x00, 0x00, 0x00, 0x12, 0x00, 0x00, 0x00, 0x00, 0x00, 0x00, 0x24, 0x10,
    0x00, 0x00, 0x00, 0x00, 0x04, 0xff, 0xd2, 0x00, 0x00, 0x00, 0x00, 0x4e,
    0x70, 0x9d, 0x20, 0x00, 0x00, 0x00, 0x11, 0x00, 0x01, 0x10, 0x00, 0x02,
    0x95, 0x00, 0x00, 0x00, 0x39, 0x40, 0x03, 0xf9, 0x00, 0x00, 0x00, 0x5f,
    0x70, 0x03, 0xf9, 0x00, 0x00, 0x00, 0x5f, 0x70, 0x03, 0xf9, 0x00, 0x00,
    0x00, 0x5f, 0x70, 0x03, 0xf9, 0x00, 0x00, 0x00, 0x5f, 0x70, 0x03, 0xf9,
    0x00, 0x00, 0x00, 0x5f, 0x70, 0x03, 0xf9, 0x00, 0x00, 0x00, 0x5f, 0x70,
    0x03, 0xf9, 0x00, 0x00, 0x00, 0x5f, 0x70, 0x02, 0xfa, 0x00, 0x00, 0x00,
    0x6f, 0x60, 0x00, 0xed, 0x00, 0x00, 0x00, 0xaf, 0x30, 0x00, 0x9f, 0x80,
    0x00, 0x04, 0xfd, 0x00, 0x00, 0x1d, 0xfc, 0x88, 0xbf, 0xe3, 0x00, 0x00,
    0x01, 0x9e, 0xff, 0xfa, 0x30, 0x00, 0x00, 0x00, 0x00, 0x12, 0x00, 0x00,
    0x00, 0x00, 0x00, 0x00, 0x00, 0x00, 0x00, 0x00, 0x00, 0x00, 0x2e, 0x80,
    0xbd, 0x00, 0x00, 0x00, 0x00, 0x1a, 0x50, 0x78, 0x00, 0x00, 0x00, 0x00,
    0x00, 0x00, 0x00, 0x00, 0x00, 0x02, 0x95, 0x00, 0x00, 0x00, 0x39, 0x40,
    0x03, 0xf9, 0x00, 0x00, 0x00, 0x5f, 0x70, 0x03, 0xf9, 0x00, 0x00, 0x00,
    0x5f, 0x70, 0x03, 0xf9, 0x00, 0x00, 0x00, 0x5f, 0x70, 0x03, 0xf9, 0x00,
    0x00, 0x00, 0x5f, 0x70, 0x03, 0xf9, 0x00, 0x00, 0x00, 0x5f, 0x70, 0x03,
    0xf9, 0x00, 0x00, 0x00, 0x5f, 0x70, 0x03, 0xf9, 0x00, 0x00, 0x00, 0x5f,
    0x70, 0x02, 0xfa, 0x00, 0x00, 0x00, 0x6f, 0x60, 0x00, 0xed, 0x00, 0x00,
    0x00, 0xaf, 0x30, 0x00, 0x9f, 0x80, 0x00, 0x04, 0xfd, 0x00, 0x00, 0x1d,
    0xfc, 0x88, 0xbf, 0xe3, 0x00, 0x00, 0x01, 0x9e, 0xff, 0xfa, 0x30, 0x00,
    0x00, 0x00, 0x00, 0x12, 0x00, 0x00, 0x00, 0x00, 0x00, 0x00, 0x03, 0x42,
    0x00, 0x00, 0x00, 0x00, 0x05, 0xfa, 0x10, 0x00, 0x00, 0x00, 0x05, 0xf7,
    0x00, 0x00, 0x00, 0x00, 0x00, 0x11, 0x00, 0x00, 0x00, 0x08, 0x91, 0x00,
    0x00, 0x00, 0x29, 0x50, 0x6f, 0x80, 0x00, 0x00, 0x0b, 0xe2, 0x00, 0xcf,
    0x20, 0x00, 0x05, 0xf7, 0x00, 0x03, 0xfb, 0x00, 0x01, 0xdc, 0x00, 0x00,
    0x09, 0xf5, 0x00, 0x8f, 0x30, 0x00, 0x00, 0x1e, 0xd1, 0x3f, 0x90, 0x00,
    0x00, 0x00, 0x5f, 0x8c, 0xe1, 0x00, 0x00, 0x00, 0x00, 0xbf, 0xf6, 0x00,
    0x00, 0x00, 0x00, 0x03, 0xfe, 0x00, 0x00, 0x00, 0x00, 0x00, 0x1f, 0xb0,
    0x00, 0x00, 0x00, 0x00, 0x01, 0xfb, 0x00, 0x00, 0x00, 0x00, 0x00, 0x1f,
    0xb0, 0x00, 0x00, 0x00, 0x00, 0x01, 0xfb, 0x00, 0x00, 0x00, 0x01, 0x96,
    0x00, 0x00, 0x00, 0x00, 0x00, 0x2f, 0xb1, 0x11, 0x00, 0x00, 0x00, 0x02,
    0xff, 0xff, 0xff, 0xd8, 0x10, 0x00, 0x2f, 0xf8, 0x88, 0x9c, 0xfd, 0x20,
    0x02, 0xfa, 0x00, 0x00, 0x07, 0xfa, 0x00, 0x2f, 0xa0, 0x00, 0x00, 0x0d,
    0xe0, 0x02, 0xfa, 0x00, 0x00, 0x00, 0xcf, 0x00, 0x2f, 0xa0, 0x00, 0x00,
    0x1e, 0xd0, 0x02, 0xfa, 0x00, 0x00, 0x2b, 0xf7, 0x00, 0x2f, 0xfc, 0xcc,
    0xdf, 0xfa, 0x00, 0x02, 0xff, 0xbb, 0xba, 0x84, 0x00, 0x00, 0x2f, 0xa0,
    0x00, 0x00, 0x00, 0x00, 0x02, 0xfa, 0x00, 0x00, 0x00, 0x00, 0x00, 0x00,
    0x00, 0x36, 0x64, 0x00, 0x00, 0x00, 0x1b, 0xff, 0xff, 0xd3, 0x00, 0x00,
    0xaf, 0x82, 0x16, 0xed, 0x00, 0x02, 0xfb, 0x00, 0x00, 0x7f, 0x40, 0x04,
    0xf7, 0x00, 0x00, 0x6f, 0x40, 0x05, 0xf6, 0x00, 0x00, 0xce, 0x10, 0x05,
    0xf6, 0x01, 0x8e, 0xf4, 0x00, 0x05, 0xf6, 0x04, 0xff, 0xfa, 0x20, 0x05,
    0xf6, 0x00, 0x12, 0x7f, 0xd0, 0x05, 0xf6, 0x00, 0x00, 0x08, 0xf4, 0x05,
    0xf6, 0x00, 0x00, 0x06, 0xf6, 0x05, 0xf6, 0x00, 0x00, 0x0a, 0xf3, 0x05,
    0xf6, 0x07, 0x67, 0xbf, 0xb0, 0x05, 0xf6, 0x0d, 0xff, 0xe8, 0x10, 0x00,
    0x00, 0x00, 0x11, 0x00, 0x00, 0x00, 0x34, 0x20, 0x00, 0x00, 0x00, 0x02,
    0xce, 0x30, 0x00, 0x00, 0x00, 0x00, 0x9e, 0x30, 0x00, 0x00, 0x00, 0x00,
    0x11, 0x00, 0x00, 0x00, 0x27, 0x99, 0x71, 0x00, 0x00, 0x8f, 0xfd, 0xef,
    0xe4, 0x00, 0x05, 0x81, 0x00, 0x4f, 0xd0, 0x00, 0x00, 0x00, 0x00, 0xaf,
    0x20, 0x00, 0x26, 0x78, 0x8d, 0xf3, 0x00, 0x6f, 0xec, 0xbb, 0xff, 0x30,
    0x0e, 0xd1, 0x00, 0x08, 0xf3, 0x01, 0xfa, 0x00, 0x00, 0xdf, 0x30, 0x0c,
    0xf8, 0x45, 0xbf, 0xf3, 0x00, 0x1a, 0xff, 0xe9, 0x8f, 0x30, 0x00, 0x00,
    0x10, 0x00, 0x00, 0x00, 0x00, 0x00, 0x00, 0x34, 0x20, 0x00, 0x00, 0x00,
    0x5f, 0xa1, 0x00, 0x00, 0x00, 0x5f, 0x70, 0x00, 0x00, 0x00, 0x01, 0x10,
    0x00, 0x00, 0x00, 0x27, 0x99, 0x71, 0x00, 0x00, 0x8f, 0xfd, 0xef, 0xe4,
    0x00, 0x05, 0x81, 0x00, 0x4f, 0xd0, 0x00, 0x00, 0x00, 0x00, 0xaf, 0x20,
    0x00, 0x26, 0x78, 0x8d, 0xf3, 0x00, 0x6f, 0xec, 0xbb, 0xff, 0x30, 0x0e,
    0xd1, 0x00, 0x08, 0xf3, 0x01, 0xfa, 0x00, 0x00, 0xdf, 0x30, 0x0c, 0xf8,
    0x45, 0xbf, 0xf3, 0x00, 0x1a, 0xff, 0xe9, 0x8f, 0x30, 0x00, 0x00, 0x10,
    0x00, 0x00, 0x00, 0x00, 0x00, 0x24, 0x10, 0x00, 0x00, 0x00, 0x4f, 0xfd,
    0x20, 0x00, 0x00, 0x4e, 0x70, 0x9d, 0x20, 0x00, 0x01, 0x10, 0x00, 0x11,
    0x00, 0x00, 0x27, 0x99, 0x71, 0x00, 0x00, 0x8f, 0xfd, 0xef, 0xe4, 0x00,
    0x05, 0x81, 0x00, 0x4f, 0xd0, 0x00, 0x00, 0x00, 0x00, 0xaf, 0x20, 0x00,
    0x26, 0x78, 0x8d, 0xf3, 0x00, 0x6f, 0xec, 0xbb, 0xff, 0x30, 0x0e, 0xd1,
    0x00, 0x08, 0xf3, 0x01, 0xfa, 0x00, 0x00, 0xdf, 0x30, 0x0c, 0xf8, 0x45,
    0xbf, 0xf3, 0x00, 0x1a, 0xff, 0xe9, 0x8f, 0x30, 0x00, 0x00, 0x10, 0x00,
    0x00, 0x00, 0x00, 0x02, 0x30, 0x01, 0x10, 0x00, 0x03, 0xee, 0xa2, 0xc5,
    0x00, 0x00, 0x87, 0x08, 0xeb, 0x00, 0x00, 0x00, 0x00, 0x00, 0x00, 0x00,
    0x00, 0x27, 0x99, 0x71, 0x00, 0x00, 0x8f, 0xfd, 0xef, 0xe4, 0x00, 0x05,
    0x81, 0x00, 0x4f, 0xd0, 0x00, 0x00, 0x00, 0x00, 0xaf, 0x20, 0x00, 0x26,
    0x78, 0x8d, 0xf3, 0x00, 0x6f, 0xec, 0xbb, 0xff, 0x30, 0x0e, 0xd1, 0x00,
    0x08, 0xf3, 0x01, 0xfa, 0x00, 0x00, 0xdf, 0x30, 0x0c, 0xf8, 0x45, 0xbf,
    0xf3, 0x00, 0x1a, 0xff, 0xe9, 0x8f, 0x30, 0x00, 0x00, 0x10, 0x00, 0x00,
    0x00, 0x00, 0x00, 0x00, 0x00, 0x00, 0x00, 0x02, 0xe8, 0x0b, 0xd0, 0x00,
    0x00, 0x1a, 0x50, 0x78, 0x00, 0x00, 0x00, 0x00, 0x00, 0x00, 0x00, 0x00,
    0x27, 0x99, 0x71, 0x00, 0x00, 0x8f, 0xfd, 0xef, 0xe4, 0x00, 0x05, 0x81,
    0x00, 0x4f, 0xd0, 0x00, 0x00, 0x00, 0x00, 0xaf, 0x20, 0x00, 0x26, 0x78,
    0x8d, 0xf3, 0x00, 0x6f, 0xec, 0xbb, 0xff, 0x30, 0x0e, 0xd1, 0x00, 0x08,
    0xf3, 0x01, 0xfa, 0x00, 0x00, 0xdf, 0x30, 0x0c, 0xf8, 0x45, 0xbf, 0xf3,
    0x00, 0x1a, 0xff, 0xe9, 0x8f, 0x30, 0x00, 0x00, 0x10, 0x00, 0x00, 0x00,
    0x00, 0x00, 0x59, 0x30, 0x00, 0x00, 0x00, 0x59, 0x3b, 0x20, 0x00, 0x00,
    0x08, 0x40, 0x75, 0x00, 0x00, 0x00, 0x3b, 0x8c, 0x10, 0x00, 0x00, 0x00,
    0x24, 0x10, 0x00, 0x00, 0x02, 0x79, 0x97, 0x10, 0x00, 0x08, 0xff, 0xde,
    0xfe, 0x40, 0x00, 0x58, 0x10, 0x04, 0xfd, 0x00, 0x00, 0x00, 0x00, 0x0a,
    0xf2, 0x00, 0x02, 0x67, 0x88, 0xdf, 0x30, 0x06, 0xfe, 0xcb, 0xbf, 0xf3,
    0x00, 0xed, 0x10, 0x00, 0x8f, 0x30, 0x1f, 0xa0, 0x00, 0x0d, 0xf3, 0x00,
    0xcf, 0x84, 0x5b, 0xff, 0x30, 0x01, 0xaf, 0xfe, 0x98, 0xf3, 0x00, 0x00,
    0x01, 0x00, 0x00, 0x00, 0x00, 0x27, 0x99, 0x71, 0x00, 0x48, 0x97, 0x20,
    0x00, 0x08, 0xff, 0xde, 0xfe, 0x4b, 0xfe, 0xdf, 0xf6, 0x00, 0x05, 0x81,
    0x00, 0x4f, 0xff, 0x60, 0x02, 0xbf, 0x40, 0x00, 0x00, 0x00, 0x0a, 0xf8,
    0x00, 0x00, 0x1e, 0xb0, 0x00, 0x15, 0x77, 0x7d, 0xfb, 0x77, 0x77, 0x7f,
    0xf0, 0x06, 0xfe, 0xcc, 0xcf, 0xff, 0xcc, 0xcc, 0xcc, 0xc0, 0x0e, 0xd1,
    0x00, 0x09, 0xf6, 0x00, 0x00, 0x00, 0x00, 0x1f, 0xa0, 0x00, 0x0d, 0xfe,
    0x20, 0x00, 0x04, 0x00, 0x0b, 0xf8, 0x45, 0xbf, 0x7f, 0xe9, 0x68, 0xdf,
    0x20, 0x01, 0x9e, 0xff, 0xb3, 0x03, 0xbf, 0xff, 0xc4, 0x00, 0x00, 0x00,
    0x10, 0x00, 0x00, 0x00, 0x10, 0x00, 0x00, 0x00, 0x02, 0x79, 0x85, 0x00,
    0x00, 0x8f, 0xfe, 0xef, 0xc1, 0x06, 0xfb, 0x20, 0x06, 0xf5, 0x0e, 0xd1,
    0x00, 0x00, 0x10, 0x2f, 0x90, 0x00, 0x00, 0x00, 0x3f, 0x80, 0x00, 0x00,
    0x00, 0x1f, 0xb0, 0x00, 0x00, 0x00, 0x0a, 0xf5, 0x00, 0x01, 0x92, 0x01,
    0xdf, 0xa7, 0x8d, 0xf5, 0x00, 0x19, 0xef, 0xfc, 0x40, 0x00, 0x00, 0x4c,
    0x00, 0x00, 0x00, 0x00, 0x5c, 0xb0, 0x00, 0x00, 0x01, 0x03, 0xf2, 0x00,
    0x00, 0x06, 0xee, 0x80, 0x00, 0x00, 0x00, 0x00, 0x00, 0x00, 0x00, 0x34,
    0x20, 0x00, 0x00, 0x00, 0x02, 0xce, 0x30, 0x00, 0x00, 0x00, 0x00, 0x9e,
    0x30, 0x00, 0x00, 0x00, 0x00, 0x11, 0x00, 0x00, 0x00, 0x03, 0x89, 0x83,
    0x00, 0x00, 0x08, 0xff, 0xde, 0xf9, 0x00, 0x07, 0xf9, 0x10, 0x18, 0xf7,
    0x00, 0xec, 0x00, 0x00, 0x0b, 0xe0, 0x2f, 0xe7, 0x77, 0x77, 0xcf, 0x33,
    0xff, 0xcc, 0xcc, 0xcc, 0xc3, 0x1f, 0xa0, 0x00, 0x00, 0x00, 0x00, 0xaf,
    0x50, 0x00, 0x04, 0x00, 0x01, 0xdf, 0xa7, 0x7b, 0xf6, 0x00, 0x01, 0x9e,
    0xff, 0xd7, 0x00, 0x00, 0x00, 0x01, 0x10, 0x00, 0x00, 0x00, 0x00, 0x00,
    0x34, 0x20, 0x00, 0x00, 0x00, 0x5f, 0xa1, 0x00, 0x00, 0x00, 0x5f, 0x70,
    0x00, 0x00, 0x00, 0x01, 0x10, 0x00, 0x00, 0x00, 0x03, 0x89, 0x83, 0x00,
    0x00, 0x08, 0xff, 0xde, 0xf9, 0x00, 0x07, 0xf9, 0x10, 0x18, 0xf7, 0x00,
    0xec, 0x00, 0x00, 0x0b, 0xe0, 0x2f, 0xe7, 0x77, 0x77, 0xcf, 0x33, 0xff,
    0xcc, 0xcc, 0xcc, 0xc3, 0x1f, 0xa0, 0x00, 0x00, 0x00, 0x00, 0xaf, 0x50,
    0x00, 0x04, 0x00, 0x01, 0xdf, 0xa7, 0x7b, 0xf6, 0x00, 0x01, 0x9e, 0xff,
    0xd7, 0x00, 0x00, 0x00, 0x01, 0x10, 0x00, 0x00, 0x00, 0x00, 0x24, 0x10,
    0x00, 0x00, 0x00, 0x4f, 0xfd, 0x20, 0x00, 0x00, 0x4e, 0x70, 0x9d, 0x20,
    0x00, 0x01, 0x10, 0x00, 0x11, 0x00, 0x00, 0x03, 0x89, 0x83, 0x00, 0x00,
    0x08, 0xff, 0xde, 0xf9, 0x00, 0x07, 0xf9, 0x10, 0x18, 0xf7, 0x00, 0xec,
    0x00, 0x00, 0x0b, 0xe0, 0x2f, 0xe7, 0x77, 0x77, 0xcf, 0x33, 0xff, 0xcc,
    0xcc, 0xcc, 0xc3, 0x1f, 0xa0, 0x00, 0x00, 0x00, 0x00, 0xaf, 0x50, 0x00,
    0x04, 0x00, 0x01, 0xdf, 0xa7, 0x7b, 0xf6, 0x00, 0x01, 0x9e, 0xff, 0xd7,
    0x00, 0x00, 0x00, 0x01, 0x10, 0x00, 0x00, 0x00, 0x00, 0x00, 0x00, 0x00,
    0x00, 0x02, 0xe8, 0x0b, 0xd0, 0x00, 0x00, 0x1a, 0x50, 0x78, 0x00, 0x00,
    0x00, 0x00, 0x00, 0x00, 0x00, 0x00, 0x03, 0x89, 0x83, 0x00, 0x00, 0x08,
    0xff, 0xde, 0xf9, 0x00, 0x07, 0xf9, 0x10, 0x18, 0xf7, 0x00, 0xec, 0x00,
    0x00, 0x0b, 0xe0, 0x2f, 0xe7, 0x77, 0x77, 0xcf, 0x33, 0xff, 0xcc, 0xcc,
    0xcc, 0xc3, 0x1f, 0xa0, 0x00, 0x00, 0x00, 0x00, 0xaf, 0x50, 0x00, 0x04,
    0x00, 0x01, 0xdf, 0xa7, 0x7b, 0xf6, 0x00, 0x01, 0x9e, 0xff, 0xd7, 0x00,
    0x00, 0x00, 0x01, 0x10, 0x00, 0x00, 0x34, 0x20, 0x00, 0x2c, 0xe3, 0x00,
    0x00, 0x9e, 0x30, 0x00, 0x01, 0x10, 0x00, 0x38, 0x30, 0x00, 0x5f, 0x60,
    0x00, 0x5f, 0x60, 0x00, 0x5f, 0x60, 0x00, 0x5f, 0x60, 0x00, 0x5f, 0x60,
    0x00, 0x5f, 0x60, 0x00, 0x5f, 0x60, 0x00, 0x5f, 0x60, 0x00, 0x5f, 0x60,
    0x00, 0x03, 0x42, 0x00, 0x5f, 0xa1, 0x05, 0xf7, 0x00, 0x01, 0x10, 0x00,
    0x03, 0x83, 0x00, 0x05, 0xf6, 0x00, 0x05, 0xf6, 0x00, 0x05, 0xf6, 0x00,
    0x05, 0xf6, 0x00, 0x05, 0xf6, 0x00, 0x05, 0xf6, 0x00, 0x05, 0xf6, 0x00,
    0x05, 0xf6, 0x00, 0x05, 0xf6, 0x00, 0x00, 0x24, 0x10, 0x00, 0x2e, 0xfc,
    0x10, 0x1c, 0xa1, 0xca, 0x00, 0x10, 0x00, 0x10, 0x00, 0x38, 0x30, 0x00,
    0x05, 0xf6, 0x00, 0x00, 0x5f, 0x60, 0x00, 0x05, 0xf6, 0x00, 0x00, 0x5f,
    0x60, 0x00, 0x05, 0xf6, 0x00, 0x00, 0x5f, 0x60, 0x00, 0x05, 0xf6, 0x00,
    0x00, 0x5f, 0x60, 0x00, 0x05, 0xf6, 0x00, 0x00, 0x00, 0x09, 0xd1, 0xe6,
    0x68, 0x0a, 0x40, 0x00, 0x00, 0x03, 0x83, 0x00, 0x5f, 0x60, 0x05, 0xf6,
    0x00, 0x5f, 0x60, 0x05, 0xf6, 0x00, 0x5f, 0x60, 0x05, 0xf6, 0x00, 0x5f,
    0x60, 0x05, 0xf6, 0x00, 0x5f, 0x60, 0x00, 0x04, 0x00, 0x00, 0x00, 0x00,
    0x04, 0xed, 0x40, 0x59, 0x00, 0x00, 0x02, 0xcf, 0xfc, 0x50, 0x00, 0x01,
    0x7e, 0xff, 0x60, 0x00, 0x00, 0xba, 0x30, 0x9f, 0x30, 0x00, 0x00, 0x00,
    0x00, 0xcc, 0x00, 0x00, 0x5b, 0xed, 0x96, 0xf4, 0x00, 0x7f, 0xd8, 0x7b,
    0xdf, 0x90, 0x1e, 0xd1, 0x00, 0x08, 0xfc, 0x03, 0xf8, 0x00, 0x00, 0x2f,
    0xd0, 0x3f, 0x80, 0x00, 0x01, 0xfb, 0x01, 0xed, 0x10, 0x00, 0x7f, 0x70,
    0x07, 0xfd, 0x76, 0xaf, 0xc0, 0x00, 0x06, 0xcf, 0xfd, 0x80, 0x00, 0x00,
    0x00, 0x00, 0x00, 0x00, 0x00, 0x00, 0x00, 0x23, 0x00, 0x11, 0x00, 0x00,
    0x03, 0xee, 0xa2, 0xc5, 0x00, 0x00, 0x08, 0x70, 0x8e, 0xb0, 0x00, 0x00,
    0x00, 0x00, 0x00, 0x00, 0x00, 0x03, 0x82, 0x27, 0x98, 0x40, 0x00, 0x05,
    0xf9, 0xff, 0xef, 0xf9, 0x00, 0x05, 0xff, 0x81, 0x02, 0xcf, 0x40, 0x05,
    0xfb, 0x00, 0x00, 0x4f, 0x90, 0x05, 0xf6, 0x00, 0x00, 0x1f, 0xa0, 0x05,
    0xf6, 0x00, 0x00, 0x0f, 0xb0, 0x05, 0xf6, 0x00, 0x00, 0x0f, 0xb0, 0x05,
    0xf6, 0x00, 0x00, 0x0f, 0xb0, 0x05, 0xf6, 0x00, 0x00, 0x0f, 0xb0, 0x05,
    0xf6, 0x00, 0x00, 0x0f, 0xb0, 0x00, 0x34, 0x20, 0x00, 0x00, 0x00, 0x02,
    0xce, 0x30, 0x00, 0x00, 0x00, 0x00, 0x9e, 0x30, 0x00, 0x00, 0x00, 0x00,
    0x11, 0x00, 0x00, 0x00, 0x02, 0x79, 0x85, 0x00, 0x00, 0x08, 0xff, 0xef,
    0xfc, 0x20, 0x06, 0xfb, 0x20, 0x06, 0xfc, 0x00, 0xed, 0x10, 0x00, 0x08,
    0xf5, 0x2f, 0x90, 0x00, 0x00, 0x2f, 0x93, 0xf8, 0x00, 0x00, 0x01, 0xf9,
    0x1f, 0xb0, 0x00, 0x00, 0x4f, 0x70, 0xaf, 0x50, 0x00, 0x1c, 0xf2, 0x02,
    0xdf, 0xa7, 0x8d, 0xf6, 0x00, 0x01, 0x9e, 0xff, 0xc4, 0x00, 0x00, 0x00,
    0x01, 0x00, 0x00, 0x00, 0x00, 0x00, 0x00, 0x34, 0x20, 0x00, 0x00, 0x00,
    0x5f, 0xa1, 0x00, 0x00, 0x00, 0x5f, 0x70, 0x00, 0x00, 0x00, 0x01, 0x10,
    0x00, 0x00, 0x00, 0x02, 0x79, 0x85, 0x00, 0x00, 0x08, 0xff, 0xef, 0xfc,
    0x20, 0x06, 0xfb, 0x20, 0x06, 0xfc, 0x00, 0xed, 0x10, 0x00, 0x08, 0xf5,
    0x2f, 0x90, 0x00, 0x00, 0x2f, 0x93, 0xf8, 0x00, 0x00, 0x01, 0xf9, 0x1f,
    0xb0, 0x00, 0x00, 0x4f, 0x70, 0xaf, 0x50, 0x00, 0x1c, 0xf2, 0x02, 0xdf,
    0xa7, 0x8d, 0xf6, 0x00, 0x01, 0x9e, 0xff, 0xc4, 0x00, 0x00, 0x00, 0x01,
    0x00, 0x00, 0x00, 0x00, 0x00, 0x24, 0x10, 0x00, 0x00, 0x00, 0x4f, 0xfd,
    0x20, 0x00, 0x00, 0x4e, 0x70, 0x9d, 0x20, 0x00, 0x01, 0x10, 0x00, 0x11,
    0x00, 0x00, 0x02, 0x79, 0x85, 0x00, 0x00, 0x08, 0xff, 0xef, 0xfc, 0x20,
    0x06, 0xfb, 0x20, 0x06, 0xfc, 0x00, 0xed, 0x10, 0x00, 0x08, 0xf5, 0x2f,
    0x90, 0x00, 0x00, 0x2f, 0x93, 0xf8, 0x00, 0x00, 0x01, 0xf9, 0x1f, 0xb0,
    0x00, 0x00, 0x4f, 0x70, 0xaf, 0x50, 0x00, 0x1c, 0xf2, 0x02, 0xdf, 0xa7,
    0x8d, 0xf6, 0x00, 0x01, 0x9e, 0xff, 0xc4, 0x00, 0x00, 0x00, 0x01, 0x00,
    0x00, 0x00, 0x00, 0x02, 0x30, 0x01, 0x10, 0x00, 0x03, 0xee, 0xa2, 0xc5,
    0x00, 0x00, 0x87, 0x08, 0xeb, 0x00, 0x00, 0x00, 0x00, 0x00, 0x00, 0x00,
    0x00, 0x02, 0x79, 0x85, 0x00, 0x00, 0x08, 0xff, 0xef, 0xfc, 0x20, 0x06,
    0xfb, 0x20, 0x06, 0xfc, 0x00, 0xed, 0x10, 0x00, 0x08, 0xf5, 0x2f, 0x90,
    0x00, 0x00, 0x2f, 0x93, 0xf8, 0x00, 0x00, 0x01, 0xf9, 0x1f, 0xb0, 0x00,
    0x00, 0x4f, 0x70, 0xaf, 0x50, 0x00, 0x1c, 0xf2, 0x02, 0xdf, 0xa7, 0x8d,
    0xf6, 0x00, 0x01, 0x9e, 0xff, 0xc4, 0x00, 0x00, 0x00, 0x01, 0x00, 0x00,
    0x00, 0x00, 0x00, 0x00, 0x00, 0x00, 0x00, 0x02, 0xe8, 0x0b, 0xd0, 0x00,
    0x00, 0x1a, 0x50, 0x78, 0x00, 0x00, 0x00, 0x00, 0x00, 0x00, 0x00, 0x00,
    0x02, 0x79, 0x85, 0x00, 0x00, 0x08, 0xff, 0xef, 0xfc, 0x20, 0x06, 0xfb,
    0x20, 0x06, 0xfc, 0x00, 0xed, 0x10, 0x00, 0x08, 0xf5, 0x2f, 0x90, 0x00,
    0x00, 0x2f, 0x93, 0xf8, 0x00, 0x00, 0x01, 0xf9, 0x1f, 0xb0, 0x00, 0x00,
    0x4f, 0x70, 0xaf, 0x50, 0x00, 0x1c, 0xf2, 0x02, 0xdf, 0xa7, 0x8d, 0xf6,
    0x00, 0x01, 0x9e, 0xff, 0xc4, 0x00, 0x00, 0x00, 0x01, 0x00, 0x00, 0x00,
    0x00, 0x00, 0x7c, 0x10, 0x00, 0x00, 0x00, 0xaf, 0x30, 0x00, 0x00, 0x00,
    0x12, 0x00, 0x00, 0x00, 0x00, 0x00, 0x00, 0x00, 0x0c, 0xff, 0xff, 0xff,
    0xf4, 0x05, 0x66, 0x66, 0x66, 0x62, 0x00, 0x00, 0x00, 0x00, 0x00, 0x00,
    0x00, 0x6b, 0x10, 0x00, 0x00, 0x00, 0xbf, 0x30, 0x00, 0x00, 0x00, 0x13,
    0x00, 0x00, 0x00, 0x00, 0x00, 0x00, 0x00, 0x00, 0x00, 0x00, 0x01, 0xa2,
    0x00, 0x00, 0x27, 0x98, 0xcd, 0x00, 0x00, 0x8f, 0xfe, 0xff, 0xf2, 0x00,
    0x6f, 0xb2, 0x08, 0xff, 0xc0, 0x0e, 0xd1, 0x01, 0xe4, 0x8f, 0x52, 0xf9,
    0x00, 0x8b, 0x02, 0xf9, 0x3f, 0x80, 0x1e, 0x30, 0x1f, 0x91, 0xfb, 0x09,
    0xb0, 0x04, 0xf7, 0x0a, 0xf7, 0xf3, 0x01, 0xcf, 0x20, 0x2d, 0xff, 0x78,
    0xdf, 0x60, 0x00, 0x3f, 0xff, 0xfc, 0x40, 0x00, 0x0a, 0xa0, 0x10, 0x00,
    0x00, 0x00, 0x62, 0x00, 0x00, 0x00, 0x00, 0x00, 0x03, 0x42, 0x00, 0x00,
    0x00, 0x00, 0x02, 0xce, 0x30, 0x00, 0x00, 0x00, 0x00, 0x09, 0xe3, 0x00,
    0x00, 0x00, 0x00, 0x00, 0x11, 0x00, 0x00, 0x04, 0x82, 0x00, 0x00, 0x18,
    0x40, 0x07, 0xf4, 0x00, 0x00, 0x3f, 0x80, 0x07, 0xf4, 0x00, 0x00, 0x3f,
    0x80, 0x07, 0xf4, 0x00, 0x00, 0x3f, 0x80, 0x07, 0xf4, 0x00, 0x00, 0x3f,
    0x80, 0x07, 0xf4, 0x00, 0x00, 0x3f, 0x80, 0x06, 0xf6, 0x00, 0x00, 0x5f,
    0x80, 0x03, 0xfb, 0x00, 0x01, 0xdf, 0x80, 0x00, 0xbf, 0xc7, 0x8d, 0xef,
    0x80, 0x00, 0x19, 0xef, 0xfa, 0x3f, 0x80, 0x00, 0x00, 0x01, 0x00, 0x00,
    0x00, 0x00, 0x00, 0x00, 0x03, 0x42, 0x00, 0x00, 0x00, 0x00, 0x5f, 0xa1,
    0x00, 0x00, 0x00, 0x05, 0xf7, 0x00, 0x00, 0x00, 0x00, 0x01, 0x10, 0x00,
    0x00, 0x04, 0x82, 0x00, 0x00, 0x18, 0x40, 0x07, 0xf4, 0x00, 0x00, 0x3f,
    0x80, 0x07, 0xf4, 0x00, 0x00, 0x3f, 0x80, 0x07, 0xf4, 0x00, 0x00, 0x3f,
    0x80, 0x07, 0xf4, 0x00, 0x00, 0x3f, 0x80, 0x07, 0xf4, 0x00, 0x00, 0x3f,
    0x80, 0x06, 0xf6, 0x00, 0x00, 0x5f, 0x80, 0x03, 0xfb, 0x00, 0x01, 0xdf,
    0x80, 0x00, 0xbf, 0xc7, 0x8d, 0xef, 0x80, 0x00, 0x19, 0xef, 0xfa, 0x3f,
    0x80, 0x00, 0x00, 0x01, 0x00, 0x00, 0x00, 0x00, 0x00, 0x02, 0x41, 0x00,
    0x00, 0x00, 0x00, 0x4f, 0xfd, 0x20, 0x00, 0x00, 0x04, 0xe7, 0x09, 0xd2,
    0x00, 0x00, 0x01, 0x10, 0x00, 0x11, 0x00, 0x04, 0x82, 0x00, 0x00, 0x18,
    0x40, 0x07, 0xf4, 0x00, 0x00, 0x3f, 0x80, 0x07, 0xf4, 0x00, 0x00, 0x3f,
    0x80, 0x07, 0xf4, 0x00, 0x00, 0x3f, 0x80, 0x07, 0xf4, 0x00, 0x00, 0x3f,
    0x80, 0x07, 0xf4, 0x00, 0x00, 0x3f, 0x80, 0x06, 0xf6, 0x00, 0x00, 0x5f,
    0x80, 0x03, 0xfb, 0x00, 0x01, 0xdf, 0x80, 0x00, 0xbf, 0xc7, 0x8d, 0xef,
    0x80, 0x00, 0x19, 0xef, 0xfa, 0x3f, 0x80, 0x00, 0x00, 0x01, 0x00, 0x00,
    0x00, 0x00, 0x00, 0x00, 0x00, 0x00, 0x00, 0x00, 0x02, 0xe8, 0x0b, 0xd0,
    0x00, 0x00, 0x01, 0xa5, 0x07, 0x80, 0x00, 0x00, 0x00, 0x00, 0x00, 0x00,
    0x00, 0x04, 0x82, 0x00, 0x00, 0x18, 0x40, 0x07, 0xf4, 0x00, 0x00, 0x3f,
    0x80, 0x07, 0xf4, 0x00, 0x00, 0x3f, 0x80, 0x07, 0xf4, 0x00, 0x00, 0x3f,
    0x80, 0x07, 0xf4, 0x00, 0x00, 0x3f, 0x80, 0x07, 0xf4, 0x00, 0x00, 0x3f,
    0x80, 0x06, 0xf6, 0x00, 0x00, 0x5f, 0x80, 0x03, 0xfb, 0x00, 0x01, 0xdf,
    0x80, 0x00, 0xbf, 0xc7, 0x8d, 0xef, 0x80, 0x00, 0x19, 0xef, 0xfa, 0x3f,
    0x80, 0x00, 0x00, 0x01, 0x00, 0x00, 0x00, 0x00, 0x00, 0x00, 0x34, 0x20,
    0x00, 0x00, 0x00, 0x05, 0xfa, 0x10, 0x00, 0x00, 0x00, 0x5f, 0x70, 0x00,
    0x00, 0x00, 0x00, 0x11, 0x00, 0x00, 0x00, 0x07, 0x70, 0x00, 0x00, 0x06,
    0x80, 0x09, 0xf3, 0x00, 0x00, 0x1f, 0x90, 0x02, 0xfa, 0x00, 0x00, 0x7f,
    0x30, 0x00, 0xaf, 0x20, 0x00, 0xeb, 0x00, 0x00, 0x4f, 0x80, 0x05, 0xf5,
    0x00, 0x00, 0x0c, 0xe1, 0x0c, 0xd0, 0x00, 0x00, 0x06, 0xf6, 0x3f, 0x60,
    0x00, 0x00, 0x00, 0xec, 0xae, 0x10, 0x00, 0x00, 0x00, 0x7f, 0xf8, 0x00,
    0x00, 0x00, 0x00, 0x1f, 0xf2, 0x00, 0x00, 0x00, 0x00, 0x1f, 0xa0, 0x00,
    0x00, 0x05, 0x00, 0xaf, 0x30, 0x00, 0x00, 0x3f, 0xee, 0xf8, 0x00, 0x00,
    0x00, 0x04, 0x88, 0x40, 0x00, 0x00, 0x00, 0x02, 0x52, 0x00, 0x00, 0x00,
    0x00, 0x05, 0xf6, 0x00, 0x00, 0x00, 0x00, 0x05, 0xf6, 0x00, 0x00, 0x00,
    0x00, 0x05, 0xf6, 0x00, 0x00, 0x00, 0x00, 0x05, 0xf6, 0x27, 0x98, 0x40,
    0x00, 0x05, 0xfa, 0xef, 0xef, 0xfb, 0x10, 0x05, 0xff, 0x91, 0x01, 0x8f,
    0xb0, 0x05, 0xff, 0x00, 0x00, 0x0a, 0xf3, 0x05, 0xfa, 0x00, 0x00, 0x05,
    0xf6, 0x05, 0xf9, 0x00, 0x00, 0x04, 0xf7, 0x05, 0xfd, 0x00, 0x00, 0x07,
    0xf5, 0x05, 0xff, 0x30, 0x00, 0x2e, 0xe1, 0x05, 0xff, 0xe9, 0x78, 0xef,
    0x50, 0x05, 0xf6, 0x8e, 0xff, 0xb4, 0x00, 0x05, 0xf6, 0x00, 0x10, 0x00,
    0x00, 0x05, 0xf6, 0x00, 0x00, 0x00, 0x00, 0x05, 0xf6, 0x00, 0x00, 0x00,
    0x00, 0x03, 0x73, 0x00, 0x00, 0x00, 0x00, 0x00, 0x00, 0x00, 0x00, 0x00,
    0x00, 0x00, 0x2e, 0x80, 0xbd, 0x00, 0x00, 0x00, 0x1a, 0x50, 0x78, 0x00,
    0x00, 0x00, 0x00, 0x00, 0x00, 0x00, 0x00, 0x07, 0x70, 0x00, 0x00, 0x06,
    0x80, 0x09, 0xf3, 0x00, 0x00, 0x1f, 0x90, 0x02, 0xfa, 0x00, 0x00, 0x7f,
    0x30, 0x00, 0xaf, 0x20, 0x00, 0xeb, 0x00, 0x00, 0x4f, 0x80, 0x05, 0xf5,
    0x00, 0x00, 0x0c, 0xe1, 0x0c, 0xd0, 0x00, 0x00, 0x06, 0xf6, 0x3f, 0x60,
    0x00, 0x00, 0x00, 0xec, 0xae, 0x10, 0x00, 0x00, 0x00, 0x7f, 0xf8, 0x00,
    0x00, 0x00, 0x00, 0x1f, 0xf2, 0x00, 0x00, 0x00, 0x00, 0x1f, 0xa0, 0x00,
    0x00, 0x05, 0x00, 0xaf, 0x30, 0x00, 0x00, 0x3f, 0xee, 0xf8, 0x00, 0x00,
    0x00, 0x04, 0x88, 0x40, 0x00, 0x00, 0x00, 0x00, 0x00, 0x5a, 0xaa, 0xaa,
    0x30, 0x00, 0x00, 0x00, 0x04, 0x77, 0x77, 0x72, 0x00, 0x00, 0x00, 0x00,
    0x00, 0x00, 0x00, 0x00, 0x00, 0x00, 0x00, 0x00, 0x04, 0x95, 0x00, 0x00,
    0x00, 0x00, 0x00, 0x00, 0xcf, 0xe1, 0x00, 0x00, 0x00, 0x00, 0x00, 0x4f,
    0xcf, 0x60, 0x00, 0x00, 0x00, 0x00, 0x0b, 0xe1, 0xdd, 0x00, 0x00, 0x00,
    0x00, 0x03, 0xf9, 0x07, 0xf5, 0x00, 0x00, 0x00, 0x00, 0x9f, 0x20, 0x1e,
    0xc0, 0x00, 0x00, 0x00, 0x1f, 0xa0, 0x00, 0x8f, 0x40, 0x00, 0x00, 0x08,
    0xf4, 0x00, 0x02, 0xfa, 0x00, 0x00, 0x01, 0xff, 0x99, 0x99, 0x9f, 0xf2,
    0x00, 0x00, 0x7f, 0xfd, 0xdd, 0xdd, 0xff, 0x90, 0x00, 0x0d, 0xe0, 0x00,
    0x00, 0x00, 0xcf, 0x10, 0x05, 0xf8, 0x00, 0x00, 0x00, 0x05, 0xf8, 0x00,
    0xcf, 0x10, 0x00, 0x00, 0x00, 0x0d, 0xe1, 0x00, 0x5a, 0xaa, 0xaa, 0x30,
    0x00, 0x04, 0x77, 0x77, 0x72, 0x00, 0x00, 0x00, 0x00, 0x00, 0x00, 0x00,
    0x02, 0x79, 0x97, 0x10, 0x00, 0x08, 0xff, 0xde, 0xfe, 0x40, 0x00, 0x58,
    0x10, 0x04, 0xfd, 0x00, 0x00, 0x00, 0x00, 0x0a, 0xf2, 0x00, 0x02, 0x67,
    0x88, 0xdf, 0x30, 0x06, 0xfe, 0xcb, 0xbf, 0xf3, 0x00, 0xed, 0x10, 0x00,
    0x8f, 0x30, 0x1f, 0xa0, 0x00, 0x0d, 0xf3, 0x00, 0xcf, 0x84, 0x5b, 0xff,
    0x30, 0x01, 0xaf, 0xfe, 0x98, 0xf3, 0x00, 0x00, 0x01, 0x00, 0x00, 0x00,
    0x00, 0x00, 0x00, 0x00, 0x34, 0x20, 0x00, 0x00, 0x00, 0x00, 0x5f, 0xa1,
    0x00, 0x00, 0x00, 0x00, 0x5f, 0x70, 0x00, 0x00, 0x00, 0x00, 0x01, 0x10,
    0x00, 0x00, 0x00, 0x00, 0x27, 0xab, 0xa7, 0x20, 0x00, 0x00, 0x7f, 0xff,
    0xde, 0xff, 0x70, 0x00, 0x9f, 0xd5, 0x00, 0x04, 0xcd, 0x10, 0x4f, 0xc1,
    0x00, 0x00, 0x00, 0x20, 0x0b, 0xf3, 0x00, 0x00, 0x00, 0x00, 0x00, 0xfc,
    0x00, 0x00, 0x00, 0x00, 0x00, 0x2f, 0xa0, 0x00, 0x00, 0x00, 0x00, 0x01,
    0xfb, 0x00, 0x00, 0x00, 0x00, 0x00, 0x0d, 0xe1, 0x00, 0x00, 0x00, 0x00,
    0x00, 0x8f, 0x80, 0x00, 0x00, 0x00, 0x00, 0x01, 0xdf, 0x70, 0x00, 0x00,
    0x69, 0x00, 0x02, 0xdf, 0xd9, 0x78, 0xcf, 0xd1, 0x00, 0x01, 0x7d, 0xff,
    0xfd, 0x71, 0x00, 0x00, 0x00, 0x01, 0x21, 0x00, 0x00, 0x00, 0x00, 0x00,
    0x34, 0x20, 0x00, 0x00, 0x05, 0xfa, 0x10, 0x00, 0x00, 0x5f, 0x70, 0x00,
    0x00, 0x00, 0x11, 0x00, 0x00, 0x00, 0x02, 0x79, 0x85, 0x00, 0x00, 0x8f,
    0xfe, 0xef, 0xc1, 0x06, 0xfb, 0x20, 0x06, 0xf5, 0x0e, 0xd1, 0x00, 0x00,
    0x10, 0x2f, 0x90, 0x00, 0x00, 0x00, 0x3f, 0x80, 0x00, 0x00, 0x00, 0x1f,
    0xb0, 0x00, 0x00, 0x00, 0x0a, 0xf5, 0x00, 0x01, 0x92, 0x01, 0xdf, 0xa7,
    0x8d, 0xf5, 0x00, 0x19, 0xef, 0xfc, 0x40, 0x00, 0x00, 0x01, 0x00, 0x00,
    0x00, 0x00, 0x34, 0x00, 0x04, 0x20, 0x00, 0x00, 0x02, 0xd9, 0x2c, 0xc1,
    0x00, 0x00, 0x00, 0x02, 0xef, 0xb1, 0x00, 0x00, 0x00, 0x00, 0x01, 0x10,
    0x00, 0x00, 0x00, 0x00, 0x27, 0xab, 0xa7, 0x20, 0x00, 0x00, 0x7f, 0xff,
    0xde, 0xff, 0x70, 0x00, 0x9f, 0xd5, 0x00, 0x04, 0xcd, 0x10, 0x4f, 0xc1,
    0x00, 0x00, 0x00, 0x20, 0x0b, 0xf3, 0x00, 0x00, 0x00, 0x00, 0x00, 0xfc,
    0x00, 0x00, 0x00, 0x00, 0x00, 0x2f, 0xa0, 0x00, 0x00, 0x00, 0x00, 0x01,
    0xfb, 0x00, 0x00, 0x00, 0x00, 0x00, 0x0d, 0xe1, 0x00, 0x00, 0x00, 0x00,
    0x00, 0x8f, 0x80, 0x00, 0x00, 0x00, 0x00, 0x01, 0xdf, 0x70, 0x00, 0x00,
    0x69, 0x00, 0x02, 0xdf, 0xd9, 0x78, 0xcf, 0xd1, 0x00, 0x01, 0x7d, 0xff,
    0xfd, 0x71, 0x00, 0x00, 0x00, 0x01, 0x21, 0x00, 0x00, 0x00, 0x34, 0x00,
    0x04, 0x20, 0x00, 0x2d, 0x92, 0xcc, 0x10, 0x00, 0x02, 0xef, 0xb1, 0x00,
    0x00, 0x00, 0x11, 0x00, 0x00, 0x00, 0x02, 0x79, 0x85, 0x00, 0x00, 0x8f,
    0xfe, 0xef, 0xc1, 0x06, 0xfb, 0x20, 0x06, 0xf5, 0x0e, 0xd1, 0x00, 0x00,
    0x10, 0x2f, 0x90, 0x00, 0x00, 0x00, 0x3f, 0x80, 0x00, 0x00, 0x00, 0x1f,
    0xb0, 0x00, 0x00, 0x00, 0x0a, 0xf5, 0x00, 0x01, 0x92, 0x01, 0xdf, 0xa7,
    0x8d, 0xf5, 0x00, 0x19, 0xef, 0xfc, 0x40, 0x00, 0x00, 0x01, 0x00, 0x00,
    0x00, 0x19, 0x99, 0x99, 0x87, 0x40, 0x00, 0x00, 0x00, 0x2f, 0xfe, 0xee,
    0xff, 0xfd, 0x40, 0x00, 0x00, 0x2f, 0xa0, 0x00, 0x02, 0x7e, 0xf6, 0x00,
    0x00, 0x2f, 0xa0, 0x00, 0x00, 0x02, 0xef, 0x20, 0x00, 0x2f, 0xa0, 0x00,
    0x00, 0x00, 0x5f, 0x90, 0x02, 0x4f, 0xc2, 0x22, 0x00, 0x00, 0x0e, 0xd0,
    0x3f, 0xff, 0xff, 0xff, 0x00, 0x00, 0x0d, 0xe0, 0x14, 0x6f, 0xf4, 0x44,
    0x00, 0x00, 0x0d, 0xe0, 0x00, 0x2f, 0xa0, 0x00, 0x00, 0x00, 0x2f, 0xb0,
    0x00, 0x2f, 0xa0, 0x00, 0x00, 0x00, 0xaf, 0x50, 0x00, 0x2f, 0xa0, 0x00,
    0x00, 0x1a, 0xfb, 0x00, 0x00, 0x2f, 0xd8, 0x88, 0x9b, 0xff, 0xa1, 0x00,
    0x00, 0x2f, 0xff, 0xff, 0xfd, 0xa4, 0x00, 0x00, 0x00, 0x00, 0x00, 0x00,
    0x05, 0x30, 0x00, 0x00, 0x18, 0x88, 0x9f, 0xf7, 0x00, 0x00, 0x2b, 0xbb,
    0xcf, 0xfa, 0x00, 0x00, 0x00, 0x00, 0x1f, 0x90, 0x00, 0x03, 0x89, 0x83,
    0x1f, 0x90, 0x00, 0x8f, 0xfe, 0xff, 0x9f, 0x90, 0x07, 0xfb, 0x20, 0x07,
    0xff, 0x90, 0x0e, 0xd1, 0x00, 0x00, 0x9f, 0x90, 0x2f, 0x90, 0x00, 0x00,
    0x2f, 0x90, 0x3f, 0x80, 0x00, 0x00, 0x1f, 0x90, 0x1f, 0xb0, 0x00, 0x00,
    0x5f, 0x90, 0x0b, 0xf5, 0x00, 0x01, 0xdf, 0x90, 0x02, 0xef, 0xa7, 0x8d,
    0xdf, 0x90, 0x00, 0x2a, 0xef, 0xfa, 0x2f, 0x90, 0x00, 0x00, 0x01, 0x00,
    0x00, 0x00, 0x00, 0x00, 0x23, 0x00, 0x04, 0x10, 0x00, 0x00, 0x00, 0x5e,
    0x20, 0x3f, 0x20, 0x00, 0x00, 0x00, 0x08, 0xed, 0xe6, 0x00, 0x00, 0x00,
    0x00, 0x00, 0x12, 0x00, 0x00, 0x00, 0x00, 0x00, 0x16, 0xab, 0xa7, 0x20,
    0x00, 0x00, 0x07, 0xff, 0xfd, 0xef, 0xf9, 0x00, 0x00, 0x9f, 0xd5, 0x00,
    0x03, 0xae, 0x30, 0x04, 0xfc, 0x10, 0x00, 0x00, 0x02, 0x00, 0x0b, 0xf3,
    0x00, 0x00, 0x00, 0x00, 0x00, 0x0f, 0xc0, 0x00, 0x00, 0x00, 0x00, 0x00,
    0x2f, 0xa0, 0x00, 0x00, 0x00, 0x26, 0x20, 0x1f, 0xb0, 0x00, 0x00, 0x00,
    0x6f, 0x50, 0x0d, 0xe1, 0x00, 0x00, 0x00, 0x6f, 0x50, 0x08, 0xf8, 0x00,
    0x00, 0x00, 0x6f, 0x50, 0x01, 0xdf, 0x80, 0x00, 0x00, 0x9f, 0x50, 0x00,
    0x2d, 0xfd, 0x97, 0x8b, 0xff, 0x40, 0x00, 0x01, 0x7d, 0xff, 0xfd, 0x92,
    0x00, 0x00, 0x00, 0x00, 0x12, 0x10, 0x00, 0x00, 0x00, 0x02, 0x30, 0x00,
    0x41, 0x00, 0x00, 0x05, 0xe2, 0x03, 0xf2, 0x00, 0x00, 0x00, 0x8e, 0xde,
    0x60, 0x00, 0x00, 0x00, 0x01, 0x20, 0x00, 0x00, 0x00, 0x03, 0x89, 0x84,
    0x07, 0x60, 0x00, 0x9f, 0xfe, 0xef, 0xad, 0xc0, 0x08, 0xfb, 0x20, 0x05,
    0xef, 0xc0, 0x1e, 0xd0, 0x00, 0x00, 0x5f, 0xc0, 0x3f, 0x80, 0x00, 0x00,
    0x0f, 0xc0, 0x3f, 0x90, 0x00, 0x00, 0x0f, 0xc0, 0x0e, 0xd1, 0x00, 0x00,
    0x5f, 0xc0, 0x07, 0xfb, 0x20, 0x05, 0xef, 0xc0, 0x00, 0x9f, 0xfe, 0xff,
    0x9e, 0xb0, 0x00, 0x03, 0x79, 0x83, 0x1f, 0xb0, 0x00, 0x00, 0x00, 0x00,
    0x4f, 0x80, 0x05, 0xd5, 0x10, 0x04, 0xdf, 0x20, 0x05, 0xef, 0xfe, 0xff,
    0xe5, 0x00, 0x00, 0x04, 0x79, 0x86, 0x10, 0x00, 0x03, 0x83, 0x00, 0x5f,
    0x60, 0x05, 0xf6, 0x00, 0x5f, 0x60, 0x05, 0xf6, 0x00, 0x5f, 0x60, 0x05,
    0xf6, 0x00, 0x5f, 0x60, 0x05, 0xf6, 0x00, 0x5f, 0x60, 0x00, 0x19, 0x60,
    0x00, 0x00, 0x00, 0x00, 0x2f, 0xa0, 0x00, 0x00, 0x00, 0x00, 0x2f, 0xa0,
    0x00, 0x00, 0x00, 0x00, 0x2f, 0xa2, 0xb1, 0x00, 0x00, 0x00, 0x2f, 0xfe,
    0xb1, 0x00, 0x00, 0x00, 0x2f, 0xf8, 0x00, 0x00, 0x00, 0x02, 0xef, 0xf0,
    0x00, 0x00, 0x00, 0x0c, 0xdf, 0xa0, 0x00, 0x00, 0x00, 0x02, 0x2f, 0xa0,
    0x00, 0x00, 0x00, 0x00, 0x2f, 0xa0, 0x00, 0x00, 0x00, 0x00, 0x2f, 0xa0,
    0x00, 0x00, 0x00, 0x00, 0x2f, 0xd8, 0x88, 0x88, 0x84, 0x00, 0x2f, 0xff,
    0xff, 0xff, 0xf8, 0x00, 0x25, 0x20, 0x00, 0x05, 0xf6, 0x00, 0x00, 0x5f,
    0x60, 0x00, 0x05, 0xf6, 0x00, 0x00, 0x5f, 0x60, 0x00, 0x05, 0xf6, 0x10,
    0x00, 0x5f, 0xbe, 0x40, 0x06, 0xff, 0x80, 0x02, 0xff, 0xa0, 0x00, 0xcf,
    0xf6, 0x00, 0x02, 0x6f, 0x60, 0x00, 0x05, 0xf6, 0x00, 0x00, 0x5f, 0x60,
    0x00, 0x05, 0xf6, 0x00, 0x00, 0x00, 0x00, 0x00, 0x34, 0x20, 0x00, 0x00,
    0x00, 0x00, 0x00, 0x5f, 0xa1, 0x00, 0x00, 0x00, 0x00, 0x00, 0x5f, 0x70,
    0x00, 0x00, 0x00, 0x00, 0x00, 0x01, 0x10, 0x00, 0x00, 0x00, 0x01, 0x95,
    0x00, 0x00, 0x00, 0x19, 0x60, 0x00, 0x2f, 0xf4, 0x00, 0x00, 0x01, 0xfb,
    0x00, 0x02, 0xff, 0xe2, 0x00, 0x00, 0x1f, 0xb0, 0x00, 0x2f, 0xff, 0xc1,
    0x00, 0x01, 0xfb, 0x00, 0x02, 0xfa, 0x9f, 0xa0, 0x00, 0x1f, 0xb0, 0x00,
    0x2f, 0xa0, 0xcf, 0x70, 0x01, 0xfb, 0x00, 0x02, 0xfa, 0x01, 0xdf, 0x40,
    0x1f, 0xb0, 0x00, 0x2f, 0xa0, 0x03, 0xfe, 0x21, 0xfb, 0x00, 0x02, 0xfa,
    0x00, 0x06, 0xfc, 0x2f, 0xb0, 0x00, 0x2f, 0xa0, 0x00, 0x09, 0xfb, 0xfb,
    0x00, 0x02, 0xfa, 0x00, 0x00, 0x0b, 0xff, 0xb0, 0x00, 0x2f, 0xa0, 0x00,
    0x00, 0x1d, 0xfb, 0x00, 0x02, 0xfa, 0x00, 0x00, 0x00, 0x3e, 0xb0, 0x00,
    0x00, 0x00, 0x00, 0x03, 0x42, 0x00, 0x00, 0x00, 0x00, 0x5f, 0xa1, 0x00,
    0x00, 0x00, 0x05, 0xf7, 0x00, 0x00, 0x00, 0x00, 0x01, 0x10, 0x00, 0x00,
    0x03, 0x82, 0x27, 0x98, 0x40, 0x00, 0x05, 0xf9, 0xff, 0xef, 0xf9, 0x00,
    0x05, 0xff, 0x81, 0x02, 0xcf, 0x40, 0x05, 0xfb, 0x00, 0x00, 0x4f, 0x90,
    0x05, 0xf6, 0x00, 0x00, 0x1f, 0xa0, 0x05, 0xf6, 0x00, 0x00, 0x0f, 0xb0,
    0x05, 0xf6, 0x00, 0x00, 0x0f, 0xb0, 0x05, 0xf6, 0x00, 0x00, 0x0f, 0xb0,
    0x05, 0xf6, 0x00, 0x00, 0x0f, 0xb0, 0x05, 0xf6, 0x00, 0x00, 0x0f, 0xb0,
    0x00, 0x00, 0x00, 0x14, 0x21, 0x42, 0x00, 0x00, 0x00, 0x00, 0x0c, 0xd1,
    0xae, 0x20, 0x00, 0x00, 0x00, 0x08, 0xe2, 0x6f, 0x30, 0x00, 0x00, 0x00,
    0x00, 0x11, 0x01, 0x10, 0x00, 0x00, 0x00, 0x00, 0x17, 0xab, 0xa7, 0x20,
    0x00, 0x00, 0x00, 0x7f, 0xfe, 0xde, 0xff, 0x80, 0x00, 0x00, 0x9f, 0xd5,
    0x00, 0x04, 0xcf, 0xa0, 0x00, 0x4f, 0xc1, 0x00, 0x00, 0x00, 0xbf, 0x60,
    0x0b, 0xf3, 0x00, 0x00, 0x00, 0x02, 0xfd, 0x00, 0xfc, 0x00, 0x00, 0x00,
    0x00, 0x0b, 0xf2, 0x2f, 0xa0, 0x00, 0x00, 0x00, 0x00, 0x9f, 0x41, 0xfb,
    0x00, 0x00, 0x00, 0x00, 0x09, 0xf3, 0x0d, 0xe1, 0x00, 0x00, 0x00, 0x00,
    0xde, 0x10, 0x8f, 0x80, 0x00, 0x00, 0x00, 0x6f, 0x90, 0x01, 0xdf, 0x70,
    0x00, 0x00, 0x6f, 0xe2, 0x00, 0x02, 0xdf, 0xd9, 0x78, 0xcf, 0xd3, 0x00,
    0x00, 0x01, 0x7c, 0xff, 0xfd, 0x81, 0x00, 0x00, 0x00, 0x00, 0x01, 0x21,
    0x00, 0x00, 0x00, 0x00, 0x00, 0x14, 0x21, 0x42, 0x00, 0x00, 0x0c, 0xd1,
    0xae, 0x20, 0x00, 0x08, 0xe2, 0x6f, 0x30, 0x00, 0x00, 0x11, 0x01, 0x10,
    0x00, 0x00, 0x02, 0x79, 0x85, 0x00, 0x00, 0x08, 0xff, 0xef, 0xfc, 0x20,
    0x06, 0xfb, 0x20, 0x06, 0xfc, 0x00, 0xed, 0x10, 0x00, 0x08, 0xf5, 0x2f,
    0x90, 0x00, 0x00, 0x2f, 0x93, 0xf8, 0x00, 0x00, 0x01, 0xf9, 0x1f, 0xb0,
    0x00, 0x00, 0x4f, 0x70, 0xaf, 0x50, 0x00, 0x1c, 0xf2, 0x02, 0xdf, 0xa7,
    0x8d, 0xf6, 0x00, 0x01, 0x9e, 0xff, 0xc4, 0x00, 0x00, 0x00, 0x01, 0x00,
    0x00, 0x00, 0x00, 0x03, 0x40, 0x00, 0x42, 0x00, 0x00, 0x00, 0x2d, 0x92,
    0xcc, 0x10, 0x00, 0x00, 0x00, 0x2e, 0xfb, 0x10, 0x00, 0x00, 0x00, 0x00,
    0x11, 0x00, 0x00, 0x00, 0x01, 0x99, 0x99, 0x98, 0x62, 0x00, 0x00, 0x2f,
    0xfe, 0xee, 0xff, 0xf8, 0x00, 0x02, 0xfa, 0x00, 0x01, 0x4c, 0xf6, 0x00,
    0x2f, 0xa0, 0x00, 0x00, 0x2f, 0xd0, 0x02, 0xfa, 0x00, 0x00, 0x00, 0xcf,
    0x00, 0x2f, 0xa0, 0x00, 0x00, 0x0d, 0xf0, 0x02, 0xfa, 0x00, 0x00, 0x05,
    0xfb, 0x00, 0x2f, 0xf5, 0x55, 0x7a, 0xfe, 0x20, 0x02, 0xff, 0xff, 0xff,
    0xfc, 0x20, 0x00, 0x2f, 0xd3, 0x33, 0x4f, 0xc0, 0x00, 0x02, 0xfa, 0x00,
    0x00, 0x6f, 0x80, 0x00, 0x2f, 0xa0, 0x00, 0x00, 0xbf, 0x30, 0x02, 0xfa,
    0x00, 0x00, 0x01, 0xed, 0x10, 0x03, 0x40, 0x00, 0x42, 0x02, 0xd9, 0x2c,
    0xc1, 0x00, 0x2e, 0xfb, 0x10, 0x00, 0x01, 0x10, 0x00, 0x03, 0x82, 0x27,
    0x70, 0x05, 0xf9, 0xef, 0xc0, 0x05, 0xff, 0xa2, 0x00, 0x05, 0xfc, 0x00,
    0x00, 0x05, 0xf7, 0x00, 0x00, 0x05, 0xf6, 0x00, 0x00, 0x05, 0xf6, 0x00,
    0x00, 0x05, 0xf6, 0x00, 0x00, 0x05, 0xf6, 0x00, 0x00, 0x05, 0xf6, 0x00,
    0x00, 0x00, 0x00, 0x00, 0x34, 0x20, 0x00, 0x00, 0x00, 0x5f, 0xa1, 0x00,
    0x00, 0x00, 0x5f, 0x70, 0x00, 0x00, 0x00, 0x01, 0x10, 0x00, 0x00, 0x00,
    0x05, 0x9b, 0xb8, 0x40, 0x00, 0x1c, 0xfe, 0xcd, 0xff, 0xb0, 0x09, 0xf7,
    0x00, 0x01, 0x65, 0x00, 0xed, 0x00, 0x00, 0x00, 0x00, 0x0d, 0xe1, 0x00,
    0x00, 0x00, 0x00, 0x7f, 0xe7, 0x30, 0x00, 0x00, 0x00, 0x7e, 0xff, 0xe9,
    0x40, 0x00, 0x00, 0x04, 0x8c, 0xff, 0x90, 0x00, 0x00, 0x00, 0x03, 0xdf,
    0x40, 0x00, 0x00, 0x00, 0x06, 0xf6, 0x08, 0x20, 0x00, 0x00, 0x9f, 0x41,
    0xef, 0xb7, 0x67, 0xbf, 0xb0, 0x02, 0x9d, 0xff, 0xfd, 0x81, 0x00, 0x00,
    0x01, 0x21, 0x00, 0x00, 0x00, 0x00, 0x03, 0x42, 0x00, 0x00, 0x05, 0xfa,
    0x10, 0x00, 0x05, 0xf7, 0x00, 0x00, 0x00, 0x11, 0x00, 0x00, 0x00, 0x38,
    0x98, 0x62, 0x00, 0x8f, 0xfd, 0xef, 0xe1, 0x2f, 0xb1, 0x00, 0x25, 0x03,
    0xf9, 0x00, 0x00, 0x00, 0x0d, 0xfc, 0x85, 0x10, 0x00, 0x18, 0xdf, 0xff,
    0x80, 0x00, 0x00, 0x14, 0xbf, 0x50, 0x20, 0x00, 0x04, 0xf7, 0x5f, 0xb7,
    0x67, 0xdf, 0x21, 0x8d, 0xff, 0xfb, 0x30, 0x00, 0x00, 0x10, 0x00, 0x00,
    0x00, 0x05, 0x9b, 0xb8, 0x40, 0x00, 0x1c, 0xfe, 0xcd, 0xff, 0xb0, 0x09,
    0xf7, 0x00, 0x01, 0x65, 0x00, 0xed, 0x00, 0x00, 0x00, 0x00, 0x0d, 0xe1,
    0x00, 0x00, 0x00, 0x00, 0x7f, 0xe7, 0x30, 0x00, 0x00, 0x00, 0x7e, 0xff,
    0xe9, 0x40, 0x00, 0x00, 0x04, 0x8c, 0xff, 0x90, 0x00, 0x00, 0x00, 0x03,
    0xdf, 0x40, 0x00, 0x00, 0x00, 0x06, 0xf6, 0x08, 0x20, 0x00, 0x00, 0x9f,
    0x41, 0xef, 0xb7, 0x67, 0xbf, 0xb0, 0x02, 0x9d, 0xff, 0xfd, 0x81, 0x00,
    0x00, 0x05, 0xd1, 0x00, 0x00, 0x00, 0x00, 0x5c, 0xb0, 0x00, 0x00, 0x00,
    0x10, 0x3f, 0x20, 0x00, 0x00, 0x06, 0xee, 0x80, 0x00, 0x00, 0x00, 0x00,
    0x00, 0x00, 0x00, 0x00, 0x38, 0x98, 0x62, 0x00, 0x8f, 0xfd, 0xef, 0xe1,
    0x2f, 0xb1, 0x00, 0x25, 0x03, 0xf9, 0x00, 0x00, 0x00, 0x0d, 0xfc, 0x85,
    0x10, 0x00, 0x18, 0xdf, 0xff, 0x80, 0x00, 0x00, 0x14, 0xbf, 0x50, 0x20,
    0x00, 0x04, 0xf7, 0x5f, 0xb7, 0x67, 0xdf, 0x21, 0x8d, 0xff, 0xfb, 0x30,
    0x00, 0x04, 0xc0, 0x00, 0x00, 0x00, 0x5c, 0xb0, 0x00, 0x00, 0x10, 0x3f,
    0x20, 0x00, 0x06, 0xee, 0x80, 0x00, 0x00, 0x00, 0x00, 0x00, 0x00, 0x00,
    0x34, 0x00, 0x04, 0x20, 0x00, 0x02, 0xd9, 0x2c, 0xc1, 0x00, 0x00, 0x02,
    0xef, 0xb1, 0x00, 0x00, 0x00, 0x01, 0x10, 0x00, 0x00, 0x00, 0x05, 0x9b,
    0xb8, 0x40, 0x00, 0x1c, 0xfe, 0xcd, 0xff, 0xb0, 0x09, 0xf7, 0x00, 0x01,
    0x65, 0x00, 0xed, 0x00, 0x00, 0x00, 0x00, 0x0d, 0xe1, 0x00, 0x00, 0x00,
    0x00, 0x7f, 0xe7, 0x30, 0x00, 0x00, 0x00, 0x7e, 0xff, 0xe9, 0x40, 0x00,
    0x00, 0x04, 0x8c, 0xff, 0x90, 0x00, 0x00, 0x00, 0x03, 0xdf, 0x40, 0x00,
    0x00, 0x00, 0x06, 0xf6, 0x08, 0x20, 0x00, 0x00, 0x9f, 0x41, 0xef, 0xb7,
    0x67, 0xbf, 0xb0, 0x02, 0x9d, 0xff, 0xfd, 0x81, 0x00, 0x00, 0x01, 0x21,
    0x00, 0x00, 0x03, 0x40, 0x00, 0x42, 0x00, 0x2d, 0x92, 0xcc, 0x10, 0x00,
    0x2e, 0xfb, 0x10, 0x00, 0x00, 0x11, 0x00, 0x00, 0x00, 0x38, 0x98, 0x62,
    0x00, 0x8f, 0xfd, 0xef, 0xe1, 0x2f, 0xb1, 0x00, 0x25, 0x03, 0xf9, 0x00,
    0x00, 0x00, 0x0d, 0xfc, 0x85, 0x10, 0x00, 0x18, 0xdf, 0xff, 0x80, 0x00,
    0x00, 0x14, 0xbf, 0x50, 0x20, 0x00, 0x04, 0xf7, 0x5f, 0xb7, 0x67, 0xdf,
    0x21, 0x8d, 0xff, 0xfb, 0x30, 0x00, 0x00, 0x10, 0x00, 0x00, 0x00, 0x00,
    0x00, 0x14, 0x21, 0x42, 0x00, 0x00, 0x00, 0x00, 0xcd, 0x1a, 0xe2, 0x00,
    0x00, 0x00, 0x08, 0xe2, 0x6f, 0x30, 0x00, 0x00, 0x00, 0x01, 0x10, 0x11,
    0x00, 0x00, 0x02, 0x95, 0x00, 0x00, 0x00, 0x39, 0x40, 0x03, 0xf9, 0x00,
    0x00, 0x00, 0x5f, 0x70, 0x03, 0xf9, 0x00, 0x00, 0x00, 0x5f, 0x70, 0x03,
    0xf9, 0x00, 0x00, 0x00, 0x5f, 0x70, 0x03, 0xf9, 0x00, 0x00, 0x00, 0x5f,
    0x70, 0x03, 0xf9, 0x00, 0x00, 0x00, 0x5f, 0x70, 0x03, 0xf9, 0x00, 0x00,
    0x00, 0x5f, 0x70, 0x03, 0xf9, 0x00, 0x00, 0x00, 0x5f, 0x70, 0x02, 0xfa,
    0x00, 0x00, 0x00, 0x6f, 0x60, 0x00, 0xed, 0x00, 0x00, 0x00, 0xaf, 0x30,
    0x00, 0x9f, 0x80, 0x00, 0x04, 0xfd, 0x00, 0x00, 0x1d, 0xfc, 0x88, 0xbf,
    0xe3, 0x00, 0x00, 0x01, 0x9e, 0xff, 0xfa, 0x30, 0x00, 0x00, 0x00, 0x00,
    0x12, 0x00, 0x00, 0x00, 0x00, 0x00, 0x01, 0x42, 0x14, 0x20, 0x00, 0x00,
    0x0c, 0xd1, 0xae, 0x20, 0x00, 0x00, 0x8e, 0x26, 0xf3, 0x00, 0x00, 0x00,
    0x11, 0x01, 0x10, 0x00, 0x04, 0x82, 0x00, 0x00, 0x18, 0x40, 0x07, 0xf4,
    0x00, 0x00, 0x3f, 0x80, 0x07, 0xf4, 0x00, 0x00, 0x3f, 0x80, 0x07, 0xf4,
    0x00, 0x00, 0x3f, 0x80, 0x07, 0xf4, 0x00, 0x00, 0x3f, 0x80, 0x07, 0xf4,
    0x00, 0x00, 0x3f, 0x80, 0x06, 0xf6, 0x00, 0x00, 0x5f, 0x80, 0x03, 0xfb,
    0x00, 0x01, 0xdf, 0x80, 0x00, 0xbf, 0xc7, 0x8d, 0xef, 0x80, 0x00, 0x19,
    0xef, 0xfa, 0x3f, 0x80, 0x00, 0x00, 0x01, 0x00, 0x00, 0x00, 0x00, 0x00,
    0x00, 0x03, 0x42, 0x00, 0x00, 0x00, 0x00, 0x5f, 0xa1, 0x00, 0x00, 0x00,
    0x05, 0xf7, 0x00, 0x00, 0x00, 0x00, 0x01, 0x10, 0x00, 0x00, 0x19, 0x99,
    0x99, 0x99, 0x99, 0x91, 0x1e, 0xee, 0xee, 0xee, 0xff, 0xf1, 0x00, 0x00,
    0x00, 0x00, 0xbf, 0x60, 0x00, 0x00, 0x00, 0x08, 0xf9, 0x00, 0x00, 0x00,
    0x00, 0x5f, 0xb0, 0x00, 0x00, 0x00, 0x03, 0xfd, 0x10, 0x00, 0x00, 0x00,
    0x1d, 0xe3, 0x00, 0x00, 0x00, 0x00, 0xbf, 0x50, 0x00, 0x00, 0x00, 0x09,
    0xf8, 0x00, 0x00, 0x00, 0x00, 0x6f, 0xb0, 0x00, 0x00, 0x00, 0x03, 0xfd,
    0x10, 0x00, 0x00, 0x00, 0x1e, 0xfb, 0x88, 0x88, 0x88, 0x82, 0x3f, 0xff,
    0xff, 0xff, 0xff, 0xf4, 0x00, 0x00, 0x03, 0x42, 0x00, 0x00, 0x05, 0xfa,
    0x10, 0x00, 0x05, 0xf7, 0x00, 0x00, 0x00, 0x11, 0x00, 0x00, 0x18, 0x88,
    0x88, 0x88, 0x42, 0xdd, 0xdd, 0xdf, 0xf7, 0x00, 0x00, 0x03, 0xec, 0x00,
    0x00, 0x01, 0xde, 0x20, 0x00, 0x00, 0xbf, 0x40, 0x00, 0x00, 0x8f, 0x60,
    0x00, 0x00, 0x5f, 0x90, 0x00, 0x00, 0x3f, 0xc0, 0x00, 0x00, 0x1d, 0xf8,
    0x66, 0x66, 0x44, 0xff, 0xff, 0xff, 0xfb, 0x00, 0x00, 0x01, 0x50, 0x00,
    0x00, 0x00, 0x00, 0x09, 0xf6, 0x00, 0x00, 0x00, 0x00, 0x04, 0xa2, 0x00,
    0x00, 0x00, 0x00, 0x00, 0x00, 0x00, 0x00, 0x19, 0x99, 0x99, 0x99, 0x99,
    0x91, 0x1e, 0xee, 0xee, 0xee, 0xff, 0xf1, 0x00, 0x00, 0x00, 0x00, 0xbf,
    0x60, 0x00, 0x00, 0x00, 0x08, 0xf9, 0x00, 0x00, 0x00, 0x00, 0x5f, 0xb0,
    0x00, 0x00, 0x00, 0x03, 0xfd, 0x10, 0x00, 0x00, 0x00, 0x1d, 0xe3, 0x00,
    0x00, 0x00, 0x00, 0xbf, 0x50, 0x00, 0x00, 0x00, 0x09, 0xf8, 0x00, 0x00,
    0x00, 0x00, 0x6f, 0xb0, 0x00, 0x00, 0x00, 0x03, 0xfd, 0x10, 0x00, 0x00,
    0x00, 0x1e, 0xfb, 0x88, 0x88, 0x88, 0x82, 0x3f, 0xff, 0xff, 0xff, 0xff,
    0xf4, 0x00, 0x01, 0x50, 0x00, 0x00, 0x00, 0x9f, 0x60, 0x00, 0x00, 0x04,
    0xa2, 0x00, 0x00, 0x00, 0x00, 0x00, 0x00, 0x18, 0x88, 0x88, 0x88, 0x42,
    0xdd, 0xdd, 0xdf, 0xf7, 0x00, 0x00, 0x03, 0xec, 0x00, 0x00, 0x01, 0xde,
    0x20, 0x00, 0x00, 0xbf, 0x40, 0x00, 0x00, 0x8f, 0x60, 0x00, 0x00, 0x5f,
    0x90, 0x00, 0x00, 0x3f, 0xc0, 0x00, 0x00, 0x1d, 0xf8, 0x66, 0x66, 0x44,
    0xff, 0xff, 0xff, 0xfb, 0x00, 0x03, 0x40, 0x00, 0x42, 0x00, 0x00, 0x02,
    0xd9, 0x2c, 0xc1, 0x00, 0x00, 0x00, 0x2e, 0xfb, 0x10, 0x00, 0x00, 0x00,
    0x01, 0x10, 0x00, 0x00, 0x19, 0x99, 0x99, 0x99, 0x99, 0x91, 0x1e, 0xee,
    0xee, 0xee, 0xff, 0xf1, 0x00, 0x00, 0x00, 0x00, 0xbf, 0x60, 0x00, 0x00,
    0x00, 0x08, 0xf9, 0x00, 0x00, 0x00, 0x00, 0x5f, 0xb0, 0x00, 0x00, 0x00,
    0x03, 0xfd, 0x10, 0x00, 0x00, 0x00, 0x1d, 0xe3, 0x00, 0x00, 0x00, 0x00,
    0xbf, 0x50, 0x00, 0x00, 0x00, 0x09, 0xf8, 0x00, 0x00, 0x00, 0x00, 0x6f,
    0xb0, 0x00, 0x00, 0x00, 0x03, 0xfd, 0x10, 0x00, 0x00, 0x00, 0x1e, 0xfb,
    0x88, 0x88, 0x88, 0x82, 0x3f, 0xff, 0xff, 0xff, 0xff, 0xf4, 0x03, 0x40,
    0x00, 0x42, 0x00, 0x2d, 0x92, 0xcc, 0x10, 0x00, 0x2e, 0xfb, 0x10, 0x00,
    0x00, 0x11, 0x00, 0x00, 0x18, 0x88, 0x88, 0x88, 0x42, 0xdd, 0xdd, 0xdf,
    0xf7, 0x00, 0x00, 0x03, 0xec, 0x00, 0x00, 0x01, 0xde, 0x20, 0x00, 0x00,
    0xbf, 0x40, 0x00, 0x00, 0x8f, 0x60, 0x00, 0x00, 0x5f, 0x90, 0x00, 0x00,
    0x3f, 0xc0, 0x00, 0x00, 0x1d, 0xf8, 0x66, 0x66, 0x44, 0xff, 0xff, 0xff,
    0xfb, 0x88, 0x88, 0x88, 0x88, 0x8a, 0xaa, 0xaa, 0xaa, 0xaa, 0x00, 0x00,
    0x00, 0x00, 0x00, 0x00, 0x00, 0x00, 0x00, 0x00, 0x00, 0x00, 0x00, 0x00,
    0x00, 0x00, 0x00, 0x00, 0x88, 0x88, 0x88, 0x88, 0x88, 0x88, 0x88, 0x88,
    0x88, 0xaa, 0xaa, 0xaa, 0xaa, 0xaa, 0xaa, 0xaa, 0xaa, 0xaa, 0x00, 0x00,
    0x00, 0x00, 0x00, 0x00, 0x00, 0x00, 0x00, 0x00, 0x00, 0x00, 0x00, 0x00,
    0x00, 0x00, 0x00, 0x00, 0x00, 0x00, 0x00, 0x00, 0x00, 0x00, 0x00, 0x00,
    0x00, 0x00, 0x00, 0x00, 0x00, 0x00, 0x00, 0x00, 0x00, 0x00, 0x04, 0x50,
    0x1f, 0xf3, 0x0f, 0xf2, 0x08, 0xc0, 0x0c, 0x70, 0x08, 0x20, 0x00, 0x00,
    0x00, 0x00, 0x00, 0x00, 0x00, 0x00, 0x00, 0x00, 0x00, 0x00, 0x00, 0x00,
    0x00, 0x00, 0x03, 0x30, 0x03, 0x30, 0x03, 0x30, 0x1f, 0xf2, 0x1f, 0xf2,
    0x1f, 0xf2, 0x1d, 0xe1, 0x1d, 0xe1, 0x1d, 0xe1, 0x00, 0x00, 0x00, 0x00,
    0x00, 0x00,
};
static const lv_font_fmt_txt_glyph_dsc_t glyph_dsc[] = {
    {.bitmap_index = 0,
     .adv_w = 0,
     .box_w = 0,
     .box_h = 0,
     .ofs_x = 0,
     .ofs_y = 0},
    {.bitmap_index = 0,
     .adv_w = 80,
     .box_w = 5,
     .box_h = 0,
     .ofs_x = 0,
     .ofs_y = 0},
    {.bitmap_index = 0,
     .adv_w = 80,
     .box_w = 5,
     .box_h = 14,
     .ofs_x = 0,
     .ofs_y = -1},
    {.bitmap_index = 35,
     .adv_w = 112,
     .box_w = 7,
     .box_h = 13,
     .ofs_x = 0,
     .ofs_y = 0},
    {.bitmap_index = 81,
     .adv_w = 208,
     .box_w = 13,
     .box_h = 13,
     .ofs_x = 0,
     .ofs_y = 0},
    {.bitmap_index = 166,
     .adv_w = 176,
     .box_w = 11,
     .box_h = 18,
     .ofs_x = 0,
     .ofs_y = -3},
    {.bitmap_index = 265,
     .adv_w = 240,
     .box_w = 15,
     .box_h = 14,
     .ofs_x = 0,
     .ofs_y = -1},
    {.bitmap_index = 370,
     .adv_w = 192,
     .box_w = 13,
     .box_h = 14,
     .ofs_x = 0,
     .ofs_y = -1},
    {.bitmap_index = 461,
     .adv_w = 64,
     .box_w = 4,
     .box_h = 13,
     .ofs_x = 0,
     .ofs_y = 0},
    {.bitmap_index = 487,
     .adv_w = 96,
     .box_w = 6,
     .box_h = 18,
     .ofs_x = 0,
     .ofs_y = -4},
    {.bitmap_index = 541,
     .adv_w = 96,
     .box_w = 6,
     .box_h = 18,
     .ofs_x = 0,
     .ofs_y = -4},
    {.bitmap_index = 595,
     .adv_w = 112,
     .box_w = 7,
     .box_h = 14,
     .ofs_x = 0,
     .ofs_y = 0},
    {.bitmap_index = 644,
     .adv_w = 160,
     .box_w = 10,
     .box_h = 11,
     .ofs_x = 0,
     .ofs_y = 0},
    {.bitmap_index = 699,
     .adv_w = 64,
     .box_w = 4,
     .box_h = 6,
     .ofs_x = 0,
     .ofs_y = -3},
    {.bitmap_index = 711,
     .adv_w = 112,
     .box_w = 7,
     .box_h = 6,
     .ofs_x = 0,
     .ofs_y = 0},
    {.bitmap_index = 732,
     .adv_w = 64,
     .box_w = 4,
     .box_h = 4,
     .ofs_x = 0,
     .ofs_y = -1},
    {.bitmap_index = 740,
     .adv_w = 96,
     .box_w = 8,
     .box_h = 18,
     .ofs_x = -1,
     .ofs_y = -2},
    {.bitmap_index = 812,
     .adv_w = 192,
     .box_w = 12,
     .box_h = 14,
     .ofs_x = 0,
     .ofs_y = -1},
    {.bitmap_index = 896,
     .adv_w = 112,
     .box_w = 7,
     .box_h = 13,
     .ofs_x = 0,
     .ofs_y = 0},
    {.bitmap_index = 942,
     .adv_w = 160,
     .box_w = 10,
     .box_h = 13,
     .ofs_x = 0,
     .ofs_y = 0},
    {.bitmap_index = 1007,
     .adv_w = 160,
     .box_w = 10,
     .box_h = 14,
     .ofs_x = 0,
     .ofs_y = -1},
    {.bitmap_index = 1077,
     .adv_w = 192,
     .box_w = 12,
     .box_h = 13,
     .ofs_x = 0,
     .ofs_y = 0},
    {.bitmap_index = 1155,
     .adv_w = 160,
     .box_w = 10,
     .box_h = 14,
     .ofs_x = 0,
     .ofs_y = -1},
    {.bitmap_index = 1225,
     .adv_w = 176,
     .box_w = 11,
     .box_h = 14,
     .ofs_x = 0,
     .ofs_y = -1},
    {.bitmap_index = 1302,
     .adv_w = 176,
     .box_w = 11,
     .box_h = 13,
     .ofs_x = 0,
     .ofs_y = 0},
    {.bitmap_index = 1374,
     .adv_w = 192,
     .box_w = 12,
     .box_h = 14,
     .ofs_x = 0,
     .ofs_y = -1},
    {.bitmap_index = 1458,
     .adv_w = 176,
     .box_w = 11,
     .box_h = 14,
     .ofs_x = 0,
     .ofs_y = -1},
    {.bitmap_index = 1535,
     .adv_w = 64,
     .box_w = 4,
     .box_h = 11,
     .ofs_x = 0,
     .ofs_y = -1},
    {.bitmap_index = 1557,
     .adv_w = 64,
     .box_w = 4,
     .box_h = 13,
     .ofs_x = 0,
     .ofs_y = -3},
    {.bitmap_index = 1583,
     .adv_w = 160,
     .box_w = 10,
     .box_h = 11,
     .ofs_x = 0,
     .ofs_y = 0},
    {.bitmap_index = 1638,
     .adv_w = 160,
     .box_w = 10,
     .box_h = 10,
     .ofs_x = 0,
     .ofs_y = 0},
    {.bitmap_index = 1688,
     .adv_w = 160,
     .box_w = 10,
     .box_h = 11,
     .ofs_x = 0,
     .ofs_y = 0},
    {.bitmap_index = 1743,
     .adv_w = 160,
     .box_w = 10,
     .box_h = 14,
     .ofs_x = 0,
     .ofs_y = -1},
    {.bitmap_index = 1813,
     .adv_w = 304,
     .box_w = 19,
     .box_h = 17,
     .ofs_x = 0,
     .ofs_y = -4},
    {.bitmap_index = 1975,
     .adv_w = 208,
     .box_w = 15,
     .box_h = 13,
     .ofs_x = -1,
     .ofs_y = 0},
    {.bitmap_index = 2073,
     .adv_w = 224,
     .box_w = 14,
     .box_h = 13,
     .ofs_x = 0,
     .ofs_y = 0},
    {.bitmap_index = 2164,
     .adv_w = 208,
     .box_w = 13,
     .box_h = 14,
     .ofs_x = 0,
     .ofs_y = -1},
    {.bitmap_index = 2255,
     .adv_w = 240,
     .box_w = 15,
     .box_h = 13,
     .ofs_x = 0,
     .ofs_y = 0},
    {.bitmap_index = 2353,
     .adv_w = 192,
     .box_w = 12,
     .box_h = 13,
     .ofs_x = 0,
     .ofs_y = 0},
    {.bitmap_index = 2431,
     .adv_w = 176,
     .box_w = 11,
     .box_h = 13,
     .ofs_x = 0,
     .ofs_y = 0},
    {.bitmap_index = 2503,
     .adv_w = 224,
     .box_w = 14,
     .box_h = 14,
     .ofs_x = 0,
     .ofs_y = -1},
    {.bitmap_index = 2601,
     .adv_w = 240,
     .box_w = 15,
     .box_h = 13,
     .ofs_x = 0,
     .ofs_y = 0},
    {.bitmap_index = 2699,
     .adv_w = 96,
     .box_w = 6,
     .box_h = 13,
     .ofs_x = 0,
     .ofs_y = 0},
    {.bitmap_index = 2738,
     .adv_w = 144,
     .box_w = 10,
     .box_h = 14,
     .ofs_x = -1,
     .ofs_y = -1},
    {.bitmap_index = 2808,
     .adv_w = 208,
     .box_w = 13,
     .box_h = 13,
     .ofs_x = 0,
     .ofs_y = 0},
    {.bitmap_index = 2893,
     .adv_w = 176,
     .box_w = 11,
     .box_h = 13,
     .ofs_x = 0,
     .ofs_y = 0},
    {.bitmap_index = 2965,
     .adv_w = 272,
     .box_w = 17,
     .box_h = 13,
     .ofs_x = 0,
     .ofs_y = 0},
    {.bitmap_index = 3076,
     .adv_w = 240,
     .box_w = 15,
     .box_h = 13,
     .ofs_x = 0,
     .ofs_y = 0},
    {.bitmap_index = 3174,
     .adv_w = 240,
     .box_w = 15,
     .box_h = 14,
     .ofs_x = 0,
     .ofs_y = -1},
    {.bitmap_index = 3279,
     .adv_w = 208,
     .box_w = 13,
     .box_h = 13,
     .ofs_x = 0,
     .ofs_y = 0},
    {.bitmap_index = 3364,
     .adv_w = 240,
     .box_w = 15,
     .box_h = 16,
     .ofs_x = 0,
     .ofs_y = -3},
    {.bitmap_index = 3484,
     .adv_w = 208,
     .box_w = 13,
     .box_h = 13,
     .ofs_x = 0,
     .ofs_y = 0},
    {.bitmap_index = 3569,
     .adv_w = 176,
     .box_w = 11,
     .box_h = 14,
     .ofs_x = 0,
     .ofs_y = -1},
    {.bitmap_index = 3646,
     .adv_w = 176,
     .box_w = 11,
     .box_h = 13,
     .ofs_x = 0,
     .ofs_y = 0},
    {.bitmap_index = 3718,
     .adv_w = 224,
     .box_w = 14,
     .box_h = 14,
     .ofs_x = 0,
     .ofs_y = -1},
    {.bitmap_index = 3816,
     .adv_w = 208,
     .box_w = 14,
     .box_h = 13,
     .ofs_x = -1,
     .ofs_y = 0},
    {.bitmap_index = 3907,
     .adv_w = 320,
     .box_w = 20,
     .box_h = 13,
     .ofs_x = 0,
     .ofs_y = 0},
    {.bitmap_index = 4037,
     .adv_w = 192,
     .box_w = 12,
     .box_h = 13,
     .ofs_x = 0,
     .ofs_y = 0},
    {.bitmap_index = 4115,
     .adv_w = 192,
     .box_w = 13,
     .box_h = 13,
     .ofs_x = -1,
     .ofs_y = 0},
    {.bitmap_index = 4200,
     .adv_w = 192,
     .box_w = 12,
     .box_h = 13,
     .ofs_x = 0,
     .ofs_y = 0},
    {.bitmap_index = 4278,
     .adv_w = 96,
     .box_w = 6,
     .box_h = 18,
     .ofs_x = 0,
     .ofs_y = -4},
    {.bitmap_index = 4332,
     .adv_w = 96,
     .box_w = 8,
     .box_h = 18,
     .ofs_x = -1,
     .ofs_y = -2},
    {.bitmap_index = 4404,
     .adv_w = 96,
     .box_w = 6,
     .box_h = 18,
     .ofs_x = 0,
     .ofs_y = -4},
    {.bitmap_index = 4458,
     .adv_w = 176,
     .box_w = 11,
     .box_h = 11,
     .ofs_x = 0,
     .ofs_y = 0},
    {.bitmap_index = 4519,
     .adv_w = 144,
     .box_w = 9,
     .box_h = 2,
     .ofs_x = 0,
     .ofs_y = -2},
    {.bitmap_index = 4528,
     .adv_w = 176,
     .box_w = 11,
     .box_h = 14,
     .ofs_x = 0,
     .ofs_y = 0},
    {.bitmap_index = 4605,
     .adv_w = 176,
     .box_w = 11,
     .box_h = 11,
     .ofs_x = 0,
     .ofs_y = -1},
    {.bitmap_index = 4666,
     .adv_w = 192,
     .box_w = 12,
     .box_h = 15,
     .ofs_x = 0,
     .ofs_y = -1},
    {.bitmap_index = 4756,
     .adv_w = 160,
     .box_w = 10,
     .box_h = 11,
     .ofs_x = 0,
     .ofs_y = -1},
    {.bitmap_index = 4811,
     .adv_w = 192,
     .box_w = 12,
     .box_h = 15,
     .ofs_x = 0,
     .ofs_y = -1},
    {.bitmap_index = 4901,
     .adv_w = 176,
     .box_w = 11,
     .box_h = 11,
     .ofs_x = 0,
     .ofs_y = -1},
    {.bitmap_index = 4962,
     .adv_w = 96,
     .box_w = 7,
     .box_h = 14,
     .ofs_x = 0,
     .ofs_y = 0},
    {.bitmap_index = 5011,
     .adv_w = 192,
     .box_w = 12,
     .box_h = 14,
     .ofs_x = 0,
     .ofs_y = -4},
    {.bitmap_index = 5095,
     .adv_w = 192,
     .box_w = 12,
     .box_h = 14,
     .ofs_x = 0,
     .ofs_y = 0},
    {.bitmap_index = 5179,
     .adv_w = 80,
     .box_w = 5,
     .box_h = 14,
     .ofs_x = 0,
     .ofs_y = 0},
    {.bitmap_index = 5214,
     .adv_w = 80,
     .box_w = 7,
     .box_h = 18,
     .ofs_x = -2,
     .ofs_y = -4},
    {.bitmap_index = 5277,
     .adv_w = 176,
     .box_w = 12,
     .box_h = 14,
     .ofs_x = 0,
     .ofs_y = 0},
    {.bitmap_index = 5361,
     .adv_w = 80,
     .box_w = 5,
     .box_h = 14,
     .ofs_x = 0,
     .ofs_y = 0},
    {.bitmap_index = 5396,
     .adv_w = 304,
     .box_w = 19,
     .box_h = 10,
     .ofs_x = 0,
     .ofs_y = 0},
    {.bitmap_index = 5491,
     .adv_w = 192,
     .box_w = 12,
     .box_h = 10,
     .ofs_x = 0,
     .ofs_y = 0},
    {.bitmap_index = 5551,
     .adv_w = 176,
     .box_w = 11,
     .box_h = 11,
     .ofs_x = 0,
     .ofs_y = -1},
    {.bitmap_index = 5612,
     .adv_w = 192,
     .box_w = 12,
     .box_h = 14,
     .ofs_x = 0,
     .ofs_y = -4},
    {.bitmap_index = 5696,
     .adv_w = 192,
     .box_w = 12,
     .box_h = 14,
     .ofs_x = 0,
     .ofs_y = -4},
    {.bitmap_index = 5780,
     .adv_w = 112,
     .box_w = 7,
     .box_h = 10,
     .ofs_x = 0,
     .ofs_y = 0},
    {.bitmap_index = 5815,
     .adv_w = 144,
     .box_w = 9,
     .box_h = 11,
     .ofs_x = 0,
     .ofs_y = -1},
    {.bitmap_index = 5865,
     .adv_w = 112,
     .box_w = 7,
     .box_h = 13,
     .ofs_x = 0,
     .ofs_y = -1},
    {.bitmap_index = 5911,
     .adv_w = 192,
     .box_w = 12,
     .box_h = 11,
     .ofs_x = 0,
     .ofs_y = -1},
    {.bitmap_index = 5977,
     .adv_w = 160,
     .box_w = 12,
     .box_h = 10,
     .ofs_x = -1,
     .ofs_y = 0},
    {.bitmap_index = 6037,
     .adv_w = 256,
     .box_w = 17,
     .box_h = 10,
     .ofs_x = 0,
     .ofs_y = 0},
    {.bitmap_index = 6122,
     .adv_w = 160,
     .box_w = 10,
     .box_h = 10,
     .ofs_x = 0,
     .ofs_y = 0},
    {.bitmap_index = 6172,
     .adv_w = 160,
     .box_w = 12,
     .box_h = 14,
     .ofs_x = -1,
     .ofs_y = -4},
    {.bitmap_index = 6256,
     .adv_w = 144,
     .box_w = 9,
     .box_h = 10,
     .ofs_x = 0,
     .ofs_y = 0},
    {.bitmap_index = 6301,
     .adv_w = 96,
     .box_w = 6,
     .box_h = 18,
     .ofs_x = 0,
     .ofs_y = -4},
    {.bitmap_index = 6355,
     .adv_w = 80,
     .box_w = 5,
     .box_h = 18,
     .ofs_x = 0,
     .ofs_y = -4},
    {.bitmap_index = 6400,
     .adv_w = 96,
     .box_w = 6,
     .box_h = 18,
     .ofs_x = 0,
     .ofs_y = -4},
    {.bitmap_index = 6454,
     .adv_w = 160,
     .box_w = 10,
     .box_h = 8,
     .ofs_x = 0,
     .ofs_y = 0},
    {.bitmap_index = 6494,
     .adv_w = 80,
     .box_w = 5,
     .box_h = 0,
     .ofs_x = 0,
     .ofs_y = 0},
    {.bitmap_index = 6494,
     .adv_w = 80,
     .box_w = 5,
     .box_h = 13,
     .ofs_x = 0,
     .ofs_y = -3},
    {.bitmap_index = 6527,
     .adv_w = 160,
     .box_w = 10,
     .box_h = 15,
     .ofs_x = 0,
     .ofs_y = -3},
    {.bitmap_index = 6602,
     .adv_w = 192,
     .box_w = 12,
     .box_h = 13,
     .ofs_x = 0,
     .ofs_y = 0},
    {.bitmap_index = 6680,
     .adv_w = 208,
     .box_w = 13,
     .box_h = 13,
     .ofs_x = 0,
     .ofs_y = -1},
    {.bitmap_index = 6765,
     .adv_w = 208,
     .box_w = 14,
     .box_h = 13,
     .ofs_x = -1,
     .ofs_y = 0},
    {.bitmap_index = 6856,
     .adv_w = 80,
     .box_w = 5,
     .box_h = 18,
     .ofs_x = 0,
     .ofs_y = -4},
    {.bitmap_index = 6901,
     .adv_w = 144,
     .box_w = 9,
     .box_h = 15,
     .ofs_x = 0,
     .ofs_y = -2},
    {.bitmap_index = 6969,
     .adv_w = 176,
     .box_w = 11,
     .box_h = 14,
     .ofs_x = 0,
     .ofs_y = 0},
    {.bitmap_index = 7046,
     .adv_w = 224,
     .box_w = 14,
     .box_h = 14,
     .ofs_x = 0,
     .ofs_y = -1},
    {.bitmap_index = 7144,
     .adv_w = 112,
     .box_w = 7,
     .box_h = 14,
     .ofs_x = 0,
     .ofs_y = 0},
    {.bitmap_index = 7193,
     .adv_w = 144,
     .box_w = 9,
     .box_h = 9,
     .ofs_x = 0,
     .ofs_y = 0},
    {.bitmap_index = 7234,
     .adv_w = 160,
     .box_w = 10,
     .box_h = 8,
     .ofs_x = 0,
     .ofs_y = 0},
    {.bitmap_index = 7274,
     .adv_w = 176,
     .box_w = 11,
     .box_h = 13,
     .ofs_x = 0,
     .ofs_y = 0},
    {.bitmap_index = 7346,
     .adv_w = 224,
     .box_w = 14,
     .box_h = 14,
     .ofs_x = 0,
     .ofs_y = -1},
    {.bitmap_index = 7444,
     .adv_w = 176,
     .box_w = 11,
     .box_h = 13,
     .ofs_x = 0,
     .ofs_y = 0},
    {.bitmap_index = 7516,
     .adv_w = 128,
     .box_w = 8,
     .box_h = 13,
     .ofs_x = 0,
     .ofs_y = 0},
    {.bitmap_index = 7568,
     .adv_w = 160,
     .box_w = 10,
     .box_h = 12,
     .ofs_x = 0,
     .ofs_y = 0},
    {.bitmap_index = 7628,
     .adv_w = 128,
     .box_w = 8,
     .box_h = 14,
     .ofs_x = 0,
     .ofs_y = 0},
    {.bitmap_index = 7684,
     .adv_w = 128,
     .box_w = 8,
     .box_h = 14,
     .ofs_x = 0,
     .ofs_y = 0},
    {.bitmap_index = 7740,
     .adv_w = 176,
     .box_w = 11,
     .box_h = 14,
     .ofs_x = 0,
     .ofs_y = 0},
    {.bitmap_index = 7817,
     .adv_w = 192,
     .box_w = 12,
     .box_h = 14,
     .ofs_x = 0,
     .ofs_y = -4},
    {.bitmap_index = 7901,
     .adv_w = 192,
     .box_w = 12,
     .box_h = 16,
     .ofs_x = 0,
     .ofs_y = -2},
    {.bitmap_index = 7997,
     .adv_w = 80,
     .box_w = 5,
     .box_h = 7,
     .ofs_x = 0,
     .ofs_y = 0},
    {.bitmap_index = 8015,
     .adv_w = 176,
     .box_w = 11,
     .box_h = 6,
     .ofs_x = 0,
     .ofs_y = -5},
    {.bitmap_index = 8048,
     .adv_w = 128,
     .box_w = 8,
     .box_h = 14,
     .ofs_x = 0,
     .ofs_y = 0},
    {.bitmap_index = 8104,
     .adv_w = 128,
     .box_w = 8,
     .box_h = 14,
     .ofs_x = 0,
     .ofs_y = 0},
    {.bitmap_index = 8160,
     .adv_w = 144,
     .box_w = 9,
     .box_h = 9,
     .ofs_x = 0,
     .ofs_y = 0},
    {.bitmap_index = 8201,
     .adv_w = 304,
     .box_w = 19,
     .box_h = 13,
     .ofs_x = 0,
     .ofs_y = 0},
    {.bitmap_index = 8325,
     .adv_w = 304,
     .box_w = 19,
     .box_h = 13,
     .ofs_x = 0,
     .ofs_y = 0},
    {.bitmap_index = 8449,
     .adv_w = 304,
     .box_w = 19,
     .box_h = 13,
     .ofs_x = 0,
     .ofs_y = 0},
    {.bitmap_index = 8573,
     .adv_w = 160,
     .box_w = 11,
     .box_h = 13,
     .ofs_x = 0,
     .ofs_y = -3},
    {.bitmap_index = 8645,
     .adv_w = 208,
     .box_w = 15,
     .box_h = 17,
     .ofs_x = -1,
     .ofs_y = 0},
    {.bitmap_index = 8773,
     .adv_w = 208,
     .box_w = 15,
     .box_h = 17,
     .ofs_x = -1,
     .ofs_y = 0},
    {.bitmap_index = 8901,
     .adv_w = 208,
     .box_w = 15,
     .box_h = 17,
     .ofs_x = -1,
     .ofs_y = 0},
    {.bitmap_index = 9029,
     .adv_w = 208,
     .box_w = 15,
     .box_h = 17,
     .ofs_x = -1,
     .ofs_y = 0},
    {.bitmap_index = 9157,
     .adv_w = 208,
     .box_w = 15,
     .box_h = 17,
     .ofs_x = -1,
     .ofs_y = 0},
    {.bitmap_index = 9285,
     .adv_w = 208,
     .box_w = 15,
     .box_h = 18,
     .ofs_x = -1,
     .ofs_y = 0},
    {.bitmap_index = 9420,
     .adv_w = 304,
     .box_w = 20,
     .box_h = 13,
     .ofs_x = -1,
     .ofs_y = 0},
    {.bitmap_index = 9550,
     .adv_w = 208,
     .box_w = 13,
     .box_h = 18,
     .ofs_x = 0,
     .ofs_y = -5},
    {.bitmap_index = 9667,
     .adv_w = 192,
     .box_w = 12,
     .box_h = 17,
     .ofs_x = 0,
     .ofs_y = 0},
    {.bitmap_index = 9769,
     .adv_w = 192,
     .box_w = 12,
     .box_h = 17,
     .ofs_x = 0,
     .ofs_y = 0},
    {.bitmap_index = 9871,
     .adv_w = 192,
     .box_w = 12,
     .box_h = 17,
     .ofs_x = 0,
     .ofs_y = 0},
    {.bitmap_index = 9973,
     .adv_w = 192,
     .box_w = 12,
     .box_h = 17,
     .ofs_x = 0,
     .ofs_y = 0},
    {.bitmap_index = 10075,
     .adv_w = 96,
     .box_w = 7,
     .box_h = 17,
     .ofs_x = -1,
     .ofs_y = 0},
    {.bitmap_index = 10135,
     .adv_w = 96,
     .box_w = 6,
     .box_h = 17,
     .ofs_x = 0,
     .ofs_y = 0},
    {.bitmap_index = 10186,
     .adv_w = 96,
     .box_w = 7,
     .box_h = 17,
     .ofs_x = -1,
     .ofs_y = 0},
    {.bitmap_index = 10246,
     .adv_w = 96,
     .box_w = 7,
     .box_h = 17,
     .ofs_x = -1,
     .ofs_y = 0},
    {.bitmap_index = 10306,
     .adv_w = 240,
     .box_w = 16,
     .box_h = 13,
     .ofs_x = -1,
     .ofs_y = 0},
    {.bitmap_index = 10410,
     .adv_w = 240,
     .box_w = 15,
     .box_h = 17,
     .ofs_x = 0,
     .ofs_y = 0},
    {.bitmap_index = 10538,
     .adv_w = 240,
     .box_w = 15,
     .box_h = 18,
     .ofs_x = 0,
     .ofs_y = -1},
    {.bitmap_index = 10673,
     .adv_w = 240,
     .box_w = 15,
     .box_h = 18,
     .ofs_x = 0,
     .ofs_y = -1},
    {.bitmap_index = 10808,
     .adv_w = 240,
     .box_w = 15,
     .box_h = 18,
     .ofs_x = 0,
     .ofs_y = -1},
    {.bitmap_index = 10943,
     .adv_w = 240,
     .box_w = 15,
     .box_h = 18,
     .ofs_x = 0,
     .ofs_y = -1},
    {.bitmap_index = 11078,
     .adv_w = 240,
     .box_w = 15,
     .box_h = 18,
     .ofs_x = 0,
     .ofs_y = -1},
    {.bitmap_index = 11213,
     .adv_w = 160,
     .box_w = 10,
     .box_h = 10,
     .ofs_x = 0,
     .ofs_y = 0},
    {.bitmap_index = 11263,
     .adv_w = 240,
     .box_w = 15,
     .box_h = 16,
     .ofs_x = 0,
     .ofs_y = -2},
    {.bitmap_index = 11383,
     .adv_w = 224,
     .box_w = 14,
     .box_h = 18,
     .ofs_x = 0,
     .ofs_y = -1},
    {.bitmap_index = 11509,
     .adv_w = 224,
     .box_w = 14,
     .box_h = 18,
     .ofs_x = 0,
     .ofs_y = -1},
    {.bitmap_index = 11635,
     .adv_w = 224,
     .box_w = 14,
     .box_h = 18,
     .ofs_x = 0,
     .ofs_y = -1},
    {.bitmap_index = 11761,
     .adv_w = 224,
     .box_w = 14,
     .box_h = 18,
     .ofs_x = 0,
     .ofs_y = -1},
    {.bitmap_index = 11887,
     .adv_w = 192,
     .box_w = 13,
     .box_h = 17,
     .ofs_x = -1,
     .ofs_y = 0},
    {.bitmap_index = 11998,
     .adv_w = 208,
     .box_w = 13,
     .box_h = 13,
     .ofs_x = 0,
     .ofs_y = 0},
    {.bitmap_index = 12083,
     .adv_w = 192,
     .box_w = 12,
     .box_h = 15,
     .ofs_x = 0,
     .ofs_y = -1},
    {.bitmap_index = 12173,
     .adv_w = 176,
     .box_w = 11,
     .box_h = 15,
     .ofs_x = 0,
     .ofs_y = -1},
    {.bitmap_index = 12256,
     .adv_w = 176,
     .box_w = 11,
     .box_h = 15,
     .ofs_x = 0,
     .ofs_y = -1},
    {.bitmap_index = 12339,
     .adv_w = 176,
     .box_w = 11,
     .box_h = 15,
     .ofs_x = 0,
     .ofs_y = -1},
    {.bitmap_index = 12422,
     .adv_w = 176,
     .box_w = 11,
     .box_h = 15,
     .ofs_x = 0,
     .ofs_y = -1},
    {.bitmap_index = 12505,
     .adv_w = 176,
     .box_w = 11,
     .box_h = 15,
     .ofs_x = 0,
     .ofs_y = -1},
    {.bitmap_index = 12588,
     .adv_w = 176,
     .box_w = 11,
     .box_h = 16,
     .ofs_x = 0,
     .ofs_y = -1},
    {.bitmap_index = 12676,
     .adv_w = 288,
     .box_w = 18,
     .box_h = 11,
     .ofs_x = 0,
     .ofs_y = -1},
    {.bitmap_index = 12775,
     .adv_w = 160,
     .box_w = 10,
     .box_h = 15,
     .ofs_x = 0,
     .ofs_y = -5},
    {.bitmap_index = 12850,
     .adv_w = 176,
     .box_w = 11,
     .box_h = 15,
     .ofs_x = 0,
     .ofs_y = -1},
    {.bitmap_index = 12933,
     .adv_w = 176,
     .box_w = 11,
     .box_h = 15,
     .ofs_x = 0,
     .ofs_y = -1},
    {.bitmap_index = 13016,
     .adv_w = 176,
     .box_w = 11,
     .box_h = 15,
     .ofs_x = 0,
     .ofs_y = -1},
    {.bitmap_index = 13099,
     .adv_w = 176,
     .box_w = 11,
     .box_h = 15,
     .ofs_x = 0,
     .ofs_y = -1},
    {.bitmap_index = 13182,
     .adv_w = 80,
     .box_w = 6,
     .box_h = 14,
     .ofs_x = -1,
     .ofs_y = 0},
    {.bitmap_index = 13224,
     .adv_w = 80,
     .box_w = 6,
     .box_h = 14,
     .ofs_x = 0,
     .ofs_y = 0},
    {.bitmap_index = 13266,
     .adv_w = 80,
     .box_w = 7,
     .box_h = 14,
     .ofs_x = -1,
     .ofs_y = 0},
    {.bitmap_index = 13315,
     .adv_w = 80,
     .box_w = 5,
     .box_h = 14,
     .ofs_x = 0,
     .ofs_y = 0},
    {.bitmap_index = 13350,
     .adv_w = 176,
     .box_w = 11,
     .box_h = 15,
     .ofs_x = 0,
     .ofs_y = -1},
    {.bitmap_index = 13433,
     .adv_w = 192,
     .box_w = 12,
     .box_h = 14,
     .ofs_x = 0,
     .ofs_y = 0},
    {.bitmap_index = 13517,
     .adv_w = 176,
     .box_w = 11,
     .box_h = 15,
     .ofs_x = 0,
     .ofs_y = -1},
    {.bitmap_index = 13600,
     .adv_w = 176,
     .box_w = 11,
     .box_h = 15,
     .ofs_x = 0,
     .ofs_y = -1},
    {.bitmap_index = 13683,
     .adv_w = 176,
     .box_w = 11,
     .box_h = 15,
     .ofs_x = 0,
     .ofs_y = -1},
    {.bitmap_index = 13766,
     .adv_w = 176,
     .box_w = 11,
     .box_h = 15,
     .ofs_x = 0,
     .ofs_y = -1},
    {.bitmap_index = 13849,
     .adv_w = 176,
     .box_w = 11,
     .box_h = 15,
     .ofs_x = 0,
     .ofs_y = -1},
    {.bitmap_index = 13932,
     .adv_w = 160,
     .box_w = 10,
     .box_h = 11,
     .ofs_x = 0,
     .ofs_y = 0},
    {.bitmap_index = 13987,
     .adv_w = 176,
     .box_w = 11,
     .box_h = 13,
     .ofs_x = 0,
     .ofs_y = -2},
    {.bitmap_index = 14059,
     .adv_w = 192,
     .box_w = 12,
     .box_h = 15,
     .ofs_x = 0,
     .ofs_y = -1},
    {.bitmap_index = 14149,
     .adv_w = 192,
     .box_w = 12,
     .box_h = 15,
     .ofs_x = 0,
     .ofs_y = -1},
    {.bitmap_index = 14239,
     .adv_w = 192,
     .box_w = 12,
     .box_h = 15,
     .ofs_x = 0,
     .ofs_y = -1},
    {.bitmap_index = 14329,
     .adv_w = 192,
     .box_w = 12,
     .box_h = 15,
     .ofs_x = 0,
     .ofs_y = -1},
    {.bitmap_index = 14419,
     .adv_w = 160,
     .box_w = 12,
     .box_h = 18,
     .ofs_x = -1,
     .ofs_y = -4},
    {.bitmap_index = 14527,
     .adv_w = 192,
     .box_w = 12,
     .box_h = 18,
     .ofs_x = 0,
     .ofs_y = -4},
    {.bitmap_index = 14635,
     .adv_w = 160,
     .box_w = 12,
     .box_h = 18,
     .ofs_x = -1,
     .ofs_y = -4},
    {.bitmap_index = 14743,
     .adv_w = 208,
     .box_w = 15,
     .box_h = 16,
     .ofs_x = -1,
     .ofs_y = 0},
    {.bitmap_index = 14863,
     .adv_w = 176,
     .box_w = 11,
     .box_h = 14,
     .ofs_x = 0,
     .ofs_y = -1},
    {.bitmap_index = 14940,
     .adv_w = 208,
     .box_w = 13,
     .box_h = 18,
     .ofs_x = 0,
     .ofs_y = -1},
    {.bitmap_index = 15057,
     .adv_w = 160,
     .box_w = 10,
     .box_h = 15,
     .ofs_x = 0,
     .ofs_y = -1},
    {.bitmap_index = 15132,
     .adv_w = 208,
     .box_w = 13,
     .box_h = 18,
     .ofs_x = 0,
     .ofs_y = -1},
    {.bitmap_index = 15249,
     .adv_w = 160,
     .box_w = 10,
     .box_h = 15,
     .ofs_x = 0,
     .ofs_y = -1},
    {.bitmap_index = 15324,
     .adv_w = 240,
     .box_w = 16,
     .box_h = 13,
     .ofs_x = -1,
     .ofs_y = 0},
    {.bitmap_index = 15428,
     .adv_w = 192,
     .box_w = 12,
     .box_h = 15,
     .ofs_x = 0,
     .ofs_y = -1},
    {.bitmap_index = 15518,
     .adv_w = 224,
     .box_w = 14,
     .box_h = 18,
     .ofs_x = 0,
     .ofs_y = -1},
    {.bitmap_index = 15644,
     .adv_w = 192,
     .box_w = 12,
     .box_h = 18,
     .ofs_x = 0,
     .ofs_y = -4},
    {.bitmap_index = 15752,
     .adv_w = 80,
     .box_w = 5,
     .box_h = 10,
     .ofs_x = 0,
     .ofs_y = 0},
    {.bitmap_index = 15777,
     .adv_w = 176,
     .box_w = 12,
     .box_h = 13,
     .ofs_x = -1,
     .ofs_y = 0},
    {.bitmap_index = 15855,
     .adv_w = 80,
     .box_w = 7,
     .box_h = 14,
     .ofs_x = -1,
     .ofs_y = 0},
    {.bitmap_index = 15904,
     .adv_w = 240,
     .box_w = 15,
     .box_h = 17,
     .ofs_x = 0,
     .ofs_y = 0},
    {.bitmap_index = 16032,
     .adv_w = 192,
     .box_w = 12,
     .box_h = 14,
     .ofs_x = 0,
     .ofs_y = 0},
    {.bitmap_index = 16116,
     .adv_w = 240,
     .box_w = 15,
     .box_h = 18,
     .ofs_x = 0,
     .ofs_y = -1},
    {.bitmap_index = 16251,
     .adv_w = 176,
     .box_w = 11,
     .box_h = 15,
     .ofs_x = 0,
     .ofs_y = -1},
    {.bitmap_index = 16334,
     .adv_w = 208,
     .box_w = 13,
     .box_h = 17,
     .ofs_x = 0,
     .ofs_y = 0},
    {.bitmap_index = 16445,
     .adv_w = 112,
     .box_w = 8,
     .box_h = 14,
     .ofs_x = 0,
     .ofs_y = 0},
    {.bitmap_index = 16501,
     .adv_w = 176,
     .box_w = 11,
     .box_h = 18,
     .ofs_x = 0,
     .ofs_y = -1},
    {.bitmap_index = 16600,
     .adv_w = 144,
     .box_w = 9,
     .box_h = 15,
     .ofs_x = 0,
     .ofs_y = -1},
    {.bitmap_index = 16668,
     .adv_w = 176,
     .box_w = 11,
     .box_h = 18,
     .ofs_x = 0,
     .ofs_y = -5},
    {.bitmap_index = 16767,
     .adv_w = 144,
     .box_w = 9,
     .box_h = 15,
     .ofs_x = 0,
     .ofs_y = -5},
    {.bitmap_index = 16835,
     .adv_w = 176,
     .box_w = 11,
     .box_h = 18,
     .ofs_x = 0,
     .ofs_y = -1},
    {.bitmap_index = 16934,
     .adv_w = 144,
     .box_w = 9,
     .box_h = 15,
     .ofs_x = 0,
     .ofs_y = -1},
    {.bitmap_index = 17002,
     .adv_w = 224,
     .box_w = 14,
     .box_h = 18,
     .ofs_x = 0,
     .ofs_y = -1},
    {.bitmap_index = 17128,
     .adv_w = 192,
     .box_w = 12,
     .box_h = 15,
     .ofs_x = 0,
     .ofs_y = -1},
    {.bitmap_index = 17218,
     .adv_w = 192,
     .box_w = 12,
     .box_h = 17,
     .ofs_x = 0,
     .ofs_y = 0},
    {.bitmap_index = 17320,
     .adv_w = 144,
     .box_w = 9,
     .box_h = 14,
     .ofs_x = 0,
     .ofs_y = 0},
    {.bitmap_index = 17383,
     .adv_w = 192,
     .box_w = 12,
     .box_h = 17,
     .ofs_x = 0,
     .ofs_y = 0},
    {.bitmap_index = 17485,
     .adv_w = 144,
     .box_w = 9,
     .box_h = 14,
     .ofs_x = 0,
     .ofs_y = 0},
    {.bitmap_index = 17548,
     .adv_w = 192,
     .box_w = 12,
     .box_h = 17,
     .ofs_x = 0,
     .ofs_y = 0},
    {.bitmap_index = 17650,
     .adv_w = 144,
     .box_w = 9,
     .box_h = 14,
     .ofs_x = 0,
     .ofs_y = 0},
    {.bitmap_index = 17713,
     .adv_w = 144,
     .box_w = 9,
     .box_h = 6,
     .ofs_x = 0,
     .ofs_y = 0},
    {.bitmap_index = 17740,
     .adv_w = 288,
     .box_w = 18,
     .box_h = 6,
     .ofs_x = 0,
     .ofs_y = 0},
    {.bitmap_index = 17794,
     .adv_w = 64,
     .box_w = 4,
     .box_h = 14,
     .ofs_x = 0,
     .ofs_y = 0},
    {.bitmap_index = 17822,
     .adv_w = 192,
     .box_w = 12,
     .box_h = 4,
     .ofs_x = 0,
     .ofs_y = -1},
};
static const uint16_t unicode_list[] = {
    0,    1,    2,    3,   4,   5,   6,   7,   8,   9,   10,  11,  12,  13,
    14,   15,   16,   17,  18,  19,  20,  21,  22,  23,  24,  25,  26,  27,
    28,   29,   30,   31,  32,  33,  34,  35,  36,  37,  38,  39,  40,  41,
    42,   43,   44,   45,  46,  47,  48,  49,  50,  51,  52,  53,  54,  55,
    56,   57,   58,   59,  60,  61,  62,  63,  64,  65,  66,  67,  68,  69,
    70,   71,   72,   73,  74,  75,  76,  77,  78,  79,  80,  81,  82,  83,
    84,   85,   86,   87,  88,  89,  90,  91,  92,  93,  94,  128, 129, 130,
    131,  132,  133,  134, 135, 136, 137, 138, 139, 140, 141, 142, 143, 144,
    145,  146,  147,  148, 149, 150, 151, 152, 153, 154, 155, 156, 157, 158,
    159,  160,  161,  162, 163, 164, 165, 166, 167, 168, 169, 170, 171, 172,
    173,  174,  175,  176, 177, 178, 179, 180, 181, 182, 183, 184, 185, 186,
    187,  188,  189,  190, 191, 192, 193, 194, 195, 196, 197, 198, 199, 200,
    201,  202,  203,  204, 205, 206, 207, 208, 209, 210, 211, 212, 213, 214,
    215,  216,  217,  218, 219, 220, 221, 222, 223, 224, 225, 230, 231, 236,
    237,  240,  241,  254, 255, 273, 289, 290, 291, 292, 304, 305, 312, 313,
    314,  315,  318,  319, 320, 321, 336, 337, 345, 346, 347, 348, 349, 350,
    8179, 8180, 8185, 8198};
static const lv_font_fmt_txt_cmap_t cmaps[] = {
    {.range_start = 32,
     .range_length = 8199,
     .glyph_id_start = 1,
     .unicode_list = unicode_list,
     .list_length = 228,
     .type = LV_FONT_FMT_TXT_CMAP_SPARSE_TINY}};
static const lv_font_fmt_txt_dsc_t font_dsc = {
    .glyph_bitmap = glyph_bitmap,
    .glyph_dsc = glyph_dsc,
    .cmaps = cmaps,
    .cmap_num = 1,
    .bpp = 4,
    .bitmap_format = LV_FONT_FMT_TXT_PLAIN};
static bool glyph(const lv_font_t* font, lv_font_glyph_dsc_t* out, uint32_t cp,
                  uint32_t next) {
  return lv_font_get_glyph_dsc_fmt_txt(font, out, cp, next) ||
         lv_font_get_glyph_dsc_fmt_txt(font, out, '?', 0);
}
const lv_font_t ui_font_text_18 = {
    .get_glyph_dsc = glyph,
    .get_glyph_bitmap = lv_font_get_bitmap_fmt_txt,
    .line_height = 23,
    .base_line = 5,
    .cap_height = 13,
    .x_height = 10,
    .static_bitmap = 1,
    .dsc = &font_dsc};
